id,uf,especie,tamanho
1,AC,Espécie A,30.2635
2,AC,Espécie A,30.0166
3,AC,Espécie A,18.8899
4,AC,Espécie A,26.2113
5,AC,Espécie A,29.0725
6,AC,Espécie A,28.5093
7,AC,Espécie A,22.6926
8,AC,Espécie A,23.7749
9,AC,Espécie A,27.849
10,AC,Espécie A,21.8708
11,AC,Espécie A,25.9659
12,AC,Espécie A,20.0123
13,AC,Espécie A,26.8343
14,AC,Espécie A,21.484
15,AC,Espécie A,27.1489
16,AC,Espécie A,32.3097
17,AC,Espécie A,32.4562
18,AC,Espécie A,31.5234
19,AC,Espécie A,19.819
20,AC,Espécie A,29.085
21,AC,Espécie A,24.4101
22,AC,Espécie A,21.2602
23,AC,Espécie A,27.553
24,AC,Espécie A,29.7502
25,AC,Espécie A,35.9347
26,AC,Espécie A,25.6409
27,AC,Espécie A,32.2242
28,AC,Espécie A,11.7739
29,AC,Espécie A,25.2119
30,AC,Espécie A,26.6641
31,AC,Espécie A,24.0526
32,AC,Espécie A,31.1056
33,AC,Espécie A,25.6429
34,AC,Espécie A,31.0695
35,AC,Espécie A,31.254
36,AC,Espécie A,22.4278
37,AC,Espécie A,26.0085
38,AC,Espécie A,26.3814
39,AC,Espécie A,25.8743
40,AC,Espécie A,23.1119
41,AC,Espécie A,23.2374
42,AC,Espécie A,28.6944
43,AC,Espécie A,22.7661
44,AC,Espécie A,24.3897
45,AC,Espécie A,30.3365
46,AC,Espécie A,29.9755
47,AC,Espécie A,26.805
48,AC,Espécie A,21.3839
49,AC,Espécie A,17.895
50,AC,Espécie A,27.3024
51,AC,Espécie A,26.5734
52,AC,Espécie A,30.9687
53,AC,Espécie A,30.887
54,AC,Espécie A,24.7573
55,AC,Espécie A,25.8989
56,AC,Espécie A,26.6977
57,AC,Espécie A,27.1351
58,AC,Espécie A,28.8754
59,AC,Espécie A,32.7549
60,AC,Espécie A,28.6889
61,AC,Espécie B,43.9149
62,AC,Espécie B,39.9781
63,AC,Espécie B,36.9388
64,AC,Espécie B,37.1005
65,AC,Espécie B,37.5009
66,AC,Espécie B,42.2852
67,AC,Espécie B,48.1501
68,AC,Espécie B,36.2667
69,AC,Espécie B,35.2923
70,AC,Espécie B,43.6113
71,AC,Espécie B,57.8066
72,AC,Espécie B,34.202
73,AC,Espécie B,34.4276
74,AC,Espécie B,39.6263
75,AC,Espécie B,39.3145
76,AC,Espécie B,37.2954
77,AC,Espécie B,43.9806
78,AC,Espécie B,35.0602
79,AC,Espécie B,29.4443
80,AC,Espécie B,43.4483
81,AC,Espécie B,37.2262
82,AC,Espécie B,43.8456
83,AC,Espécie B,41.6142
84,AC,Espécie B,43.3459
85,AC,Espécie B,37.2786
86,AC,Espécie B,35.0888
87,AC,Espécie B,34.7506
88,AC,Espécie B,43.6939
89,AC,Espécie B,28.2933
90,AC,Espécie B,42.6909
91,AC,Espécie B,41.3608
92,AC,Espécie B,48.704
93,AC,Espécie B,30.6041
94,AC,Espécie B,41.0061
95,AC,Espécie B,44.5302
96,AC,Espécie B,34.6373
97,AC,Espécie B,51.2535
98,AC,Espécie B,35.5703
99,AC,Espécie B,36.3584
100,AC,Espécie B,54.0241
101,AC,Espécie B,49.277
102,AC,Espécie B,47.1165
103,AC,Espécie B,43.3787
104,AC,Espécie B,34.7549
105,AC,Espécie B,26.9215
106,AC,Espécie B,46.3342
107,AC,Espécie B,53.0917
108,AC,Espécie B,39.4444
109,AC,Espécie B,39.6313
110,AC,Espécie B,42.0858
111,AC,Espécie B,41.0721
112,AC,Espécie B,48.8107
113,AC,Espécie B,49.9751
114,AC,Espécie B,47.4815
115,AC,Espécie B,36.2369
116,AC,Espécie B,45.2665
117,AC,Espécie B,41.9236
118,AC,Espécie B,41.8109
119,AC,Espécie B,29.6296
120,AC,Espécie B,35.0454
121,AL,Espécie A,33.7615
122,AL,Espécie A,31.1435
123,AL,Espécie A,27.6757
124,AL,Espécie A,33.172
125,AL,Espécie A,27.7167
126,AL,Espécie A,17.5896
127,AL,Espécie A,24.8151
128,AL,Espécie A,22.6471
129,AL,Espécie A,29.5542
130,AL,Espécie A,30.4662
131,AL,Espécie A,21.6593
132,AL,Espécie A,24.1835
133,AL,Espécie A,32.0269
134,AL,Espécie A,26.1596
135,AL,Espécie A,27.2028
136,AL,Espécie A,25.4839
137,AL,Espécie A,28.5017
138,AL,Espécie A,32.8495
139,AL,Espécie A,35.4937
140,AL,Espécie A,25.4819
141,AL,Espécie A,25.9206
142,AL,Espécie A,27.5502
143,AL,Espécie A,23.0195
144,AL,Espécie A,19.4444
145,AL,Espécie A,29.4524
146,AL,Espécie A,18.9133
147,AL,Espécie A,26.1791
148,AL,Espécie A,31.4699
149,AL,Espécie A,29.3272
150,AL,Espécie A,23.0717
151,AL,Espécie A,27.8218
152,AL,Espécie A,28.2374
153,AL,Espécie A,34.1738
154,AL,Espécie A,32.7746
155,AL,Espécie A,31.1023
156,AL,Espécie A,28.7715
157,AL,Espécie A,23.4542
158,AL,Espécie A,33.0569
159,AL,Espécie A,32.3178
160,AL,Espécie A,28.3713
161,AL,Espécie A,26.0026
162,AL,Espécie A,30.605
163,AL,Espécie A,26.6643
164,AL,Espécie A,29.407
165,AL,Espécie A,32.541
166,AL,Espécie A,25.9527
167,AL,Espécie A,28.3825
168,AL,Espécie A,25.424
169,AL,Espécie A,23.3673
170,AL,Espécie A,27.0757
171,AL,Espécie A,24.8089
172,AL,Espécie A,32.2248
173,AL,Espécie A,26.9406
174,AL,Espécie A,26.2323
175,AL,Espécie A,25.4738
176,AL,Espécie A,29.1621
177,AL,Espécie A,28.6719
178,AL,Espécie A,27.0234
179,AL,Espécie A,20.2559
180,AL,Espécie A,25.478
181,AL,Espécie B,32.9984
182,AL,Espécie B,45.5987
183,AL,Espécie B,46.161
184,AL,Espécie B,51.3568
185,AL,Espécie B,44.8702
186,AL,Espécie B,40.4087
187,AL,Espécie B,32.2591
188,AL,Espécie B,40.6316
189,AL,Espécie B,27.6554
190,AL,Espécie B,41.0116
191,AL,Espécie B,48.7773
192,AL,Espécie B,52.3869
193,AL,Espécie B,37.7344
194,AL,Espécie B,46.6267
195,AL,Espécie B,40.5166
196,AL,Espécie B,43.8483
197,AL,Espécie B,40.7365
198,AL,Espécie B,47.7855
199,AL,Espécie B,42.006
200,AL,Espécie B,49.6149
201,AL,Espécie B,43.7751
202,AL,Espécie B,36.4916
203,AL,Espécie B,37.3817
204,AL,Espécie B,43.6738
205,AL,Espécie B,39.584
206,AL,Espécie B,42.9415
207,AL,Espécie B,45.6914
208,AL,Espécie B,32.3458
209,AL,Espécie B,47.3015
210,AL,Espécie B,31.9476
211,AL,Espécie B,44.3402
212,AL,Espécie B,57.3702
213,AL,Espécie B,48.8491
214,AL,Espécie B,36.629
215,AL,Espécie B,33.8115
216,AL,Espécie B,48.3334
217,AL,Espécie B,47.8313
218,AL,Espécie B,35.3513
219,AL,Espécie B,48.0234
220,AL,Espécie B,41.251
221,AL,Espécie B,46.8627
222,AL,Espécie B,49.024
223,AL,Espécie B,35.8969
224,AL,Espécie B,39.325
225,AL,Espécie B,49.9472
226,AL,Espécie B,48.6543
227,AL,Espécie B,35.2987
228,AL,Espécie B,39.9299
229,AL,Espécie B,43.7111
230,AL,Espécie B,47.4891
231,AL,Espécie B,41.7326
232,AL,Espécie B,50.1937
233,AL,Espécie B,46.3728
234,AL,Espécie B,45.3942
235,AL,Espécie B,46.131
236,AL,Espécie B,41.5712
237,AL,Espécie B,38.553
238,AL,Espécie B,33.3205
239,AL,Espécie B,41.9358
240,AL,Espécie B,38.8143
241,AM,Espécie A,25.147
242,AM,Espécie A,24.9322
243,AM,Espécie A,27.1229
244,AM,Espécie A,35.9163
245,AM,Espécie A,27.5134
246,AM,Espécie A,31.7619
247,AM,Espécie A,28.3017
248,AM,Espécie A,29.8382
249,AM,Espécie A,21.1359
250,AM,Espécie A,32.9055
251,AM,Espécie A,29.0931
252,AM,Espécie A,24.3195
253,AM,Espécie A,30.1931
254,AM,Espécie A,28.5744
255,AM,Espécie A,30.4282
256,AM,Espécie A,28.6949
257,AM,Espécie A,26.3426
258,AM,Espécie A,23.5771
259,AM,Espécie A,31.8195
260,AM,Espécie A,26.9485
261,AM,Espécie A,29.4165
262,AM,Espécie A,23.0266
263,AM,Espécie A,25.2848
264,AM,Espécie A,23.8336
265,AM,Espécie A,31.504
266,AM,Espécie A,26.8121
267,AM,Espécie A,29.3552
268,AM,Espécie A,32.7548
269,AM,Espécie A,36.5407
270,AM,Espécie A,27.3254
271,AM,Espécie A,25.3096
272,AM,Espécie A,21.0744
273,AM,Espécie A,24.6087
274,AM,Espécie A,20.1551
275,AM,Espécie A,20.9653
276,AM,Espécie A,34.6259
277,AM,Espécie A,24.3597
278,AM,Espécie A,33.5205
279,AM,Espécie A,27.5928
280,AM,Espécie A,28.7389
281,AM,Espécie A,27.2855
282,AM,Espécie A,25.2859
283,AM,Espécie A,35.3297
284,AM,Espécie A,26.5409
285,AM,Espécie A,33.315
286,AM,Espécie A,33.1519
287,AM,Espécie A,24.7764
288,AM,Espécie A,36.2431
289,AM,Espécie A,24.8648
290,AM,Espécie A,27.4411
291,AM,Espécie A,22.4647
292,AM,Espécie A,26.0127
293,AM,Espécie A,32.6231
294,AM,Espécie A,32.0113
295,AM,Espécie A,29.9265
296,AM,Espécie A,29.8028
297,AM,Espécie A,24.8853
298,AM,Espécie A,32.9879
299,AM,Espécie A,27.8605
300,AM,Espécie A,27.5976
301,AM,Espécie B,38.4361
302,AM,Espécie B,40.7466
303,AM,Espécie B,40.0877
304,AM,Espécie B,46.3534
305,AM,Espécie B,39.6852
306,AM,Espécie B,45.4124
307,AM,Espécie B,48.702
308,AM,Espécie B,48.7159
309,AM,Espécie B,36.0067
310,AM,Espécie B,31.4932
311,AM,Espécie B,40.9605
312,AM,Espécie B,37.8817
313,AM,Espécie B,43.294
314,AM,Espécie B,46.7903
315,AM,Espécie B,48.1788
316,AM,Espécie B,44.1066
317,AM,Espécie B,38.7455
318,AM,Espécie B,44.0224
319,AM,Espécie B,37.6959
320,AM,Espécie B,56.6397
321,AM,Espécie B,33.8524
322,AM,Espécie B,37.0291
323,AM,Espécie B,35.1808
324,AM,Espécie B,40.5581
325,AM,Espécie B,50.3962
326,AM,Espécie B,41.6647
327,AM,Espécie B,42.5887
328,AM,Espécie B,51.8567
329,AM,Espécie B,43.5493
330,AM,Espécie B,38.1578
331,AM,Espécie B,42.9027
332,AM,Espécie B,42.6391
333,AM,Espécie B,50.1027
334,AM,Espécie B,42.4731
335,AM,Espécie B,52.2887
336,AM,Espécie B,41.7156
337,AM,Espécie B,52.2949
338,AM,Espécie B,32.9332
339,AM,Espécie B,48.4306
340,AM,Espécie B,40.0293
341,AM,Espécie B,57.9711
342,AM,Espécie B,41.202
343,AM,Espécie B,44.6366
344,AM,Espécie B,54.6094
345,AM,Espécie B,41.1683
346,AM,Espécie B,46.7428
347,AM,Espécie B,37.9921
348,AM,Espécie B,50.012
349,AM,Espécie B,36.9153
350,AM,Espécie B,41.3471
351,AM,Espécie B,45.3009
352,AM,Espécie B,35.7224
353,AM,Espécie B,46.6094
354,AM,Espécie B,51.2039
355,AM,Espécie B,50.6224
356,AM,Espécie B,53.8542
357,AM,Espécie B,53.8714
358,AM,Espécie B,40.0298
359,AM,Espécie B,48.1579
360,AM,Espécie B,35.3617
361,AP,Espécie A,30.8059
362,AP,Espécie A,23.7195
363,AP,Espécie A,32.5353
364,AP,Espécie A,31.1501
365,AP,Espécie A,28.9405
366,AP,Espécie A,27.0359
367,AP,Espécie A,28.234
368,AP,Espécie A,14.5513
369,AP,Espécie A,31.9802
370,AP,Espécie A,29.522
371,AP,Espécie A,32.2724
372,AP,Espécie A,24.8985
373,AP,Espécie A,20.2402
374,AP,Espécie A,24.8016
375,AP,Espécie A,21.6825
376,AP,Espécie A,36.2079
377,AP,Espécie A,23.4819
378,AP,Espécie A,28.6016
379,AP,Espécie A,31.8048
380,AP,Espécie A,33.1952
381,AP,Espécie A,34.7807
382,AP,Espécie A,32.5259
383,AP,Espécie A,27.6382
384,AP,Espécie A,31.8942
385,AP,Espécie A,34.3794
386,AP,Espécie A,30.5851
387,AP,Espécie A,29.7518
388,AP,Espécie A,26.885
389,AP,Espécie A,27.87
390,AP,Espécie A,34.0126
391,AP,Espécie A,22.5011
392,AP,Espécie A,37.5914
393,AP,Espécie A,31.6917
394,AP,Espécie A,35.3458
395,AP,Espécie A,34.6494
396,AP,Espécie A,29.5239
397,AP,Espécie A,25.0404
398,AP,Espécie A,29.7252
399,AP,Espécie A,32.4816
400,AP,Espécie A,21.2249
401,AP,Espécie A,42.6444
402,AP,Espécie A,27.4177
403,AP,Espécie A,31.4986
404,AP,Espécie A,33.4368
405,AP,Espécie A,31.3304
406,AP,Espécie A,33.6997
407,AP,Espécie A,33.5016
408,AP,Espécie A,36.364
409,AP,Espécie A,20.9618
410,AP,Espécie A,28.4217
411,AP,Espécie A,29.0432
412,AP,Espécie A,29.0019
413,AP,Espécie A,26.498
414,AP,Espécie A,31.9171
415,AP,Espécie A,29.6881
416,AP,Espécie A,31.4631
417,AP,Espécie A,27.597
418,AP,Espécie A,27.8736
419,AP,Espécie A,33.7848
420,AP,Espécie A,28.7676
421,AP,Espécie B,50.9889
422,AP,Espécie B,37.3233
423,AP,Espécie B,38.098
424,AP,Espécie B,49.8442
425,AP,Espécie B,40.8705
426,AP,Espécie B,39.7629
427,AP,Espécie B,46.7671
428,AP,Espécie B,42.5596
429,AP,Espécie B,33.01
430,AP,Espécie B,42.8616
431,AP,Espécie B,41.515
432,AP,Espécie B,38.1489
433,AP,Espécie B,42.0587
434,AP,Espécie B,42.9279
435,AP,Espécie B,44.667
436,AP,Espécie B,41.6695
437,AP,Espécie B,39.0135
438,AP,Espécie B,44.3691
439,AP,Espécie B,44.2888
440,AP,Espécie B,39.9056
441,AP,Espécie B,40.9636
442,AP,Espécie B,50.5515
443,AP,Espécie B,37.7756
444,AP,Espécie B,55.5938
445,AP,Espécie B,42.2634
446,AP,Espécie B,32.5205
447,AP,Espécie B,41.1307
448,AP,Espécie B,46.3407
449,AP,Espécie B,45.6678
450,AP,Espécie B,40.2313
451,AP,Espécie B,42.128
452,AP,Espécie B,39.0461
453,AP,Espécie B,45.6263
454,AP,Espécie B,38.2068
455,AP,Espécie B,46.1314
456,AP,Espécie B,38.6432
457,AP,Espécie B,49.7915
458,AP,Espécie B,52.3589
459,AP,Espécie B,42.4681
460,AP,Espécie B,41.587
461,AP,Espécie B,42.9396
462,AP,Espécie B,55.5324
463,AP,Espécie B,39.297
464,AP,Espécie B,54.6134
465,AP,Espécie B,41.0398
466,AP,Espécie B,45.3501
467,AP,Espécie B,41.1367
468,AP,Espécie B,41.0636
469,AP,Espécie B,51.7854
470,AP,Espécie B,42.8638
471,AP,Espécie B,47.7754
472,AP,Espécie B,47.697
473,AP,Espécie B,38.3328
474,AP,Espécie B,45.7828
475,AP,Espécie B,53.6377
476,AP,Espécie B,45.4961
477,AP,Espécie B,41.7043
478,AP,Espécie B,39.3684
479,AP,Espécie B,38.3529
480,AP,Espécie B,31.9396
481,BA,Espécie A,36.5099
482,BA,Espécie A,25.7845
483,BA,Espécie A,35.677
484,BA,Espécie A,28.2624
485,BA,Espécie A,27.3701
486,BA,Espécie A,29.2106
487,BA,Espécie A,27.8549
488,BA,Espécie A,32.8697
489,BA,Espécie A,35.6832
490,BA,Espécie A,27.0088
491,BA,Espécie A,35.1067
492,BA,Espécie A,30.3379
493,BA,Espécie A,29.9507
494,BA,Espécie A,33.6063
495,BA,Espécie A,27.4498
496,BA,Espécie A,26.7392
497,BA,Espécie A,30.8015
498,BA,Espécie A,25.524
499,BA,Espécie A,32.7913
500,BA,Espécie A,27.6667
501,BA,Espécie A,32.7409
502,BA,Espécie A,30.658
503,BA,Espécie A,35.6704
504,BA,Espécie A,35.3815
505,BA,Espécie A,29.9114
506,BA,Espécie A,30.7527
507,BA,Espécie A,31.1204
508,BA,Espécie A,34.2771
509,BA,Espécie A,29.0506
510,BA,Espécie A,35.5614
511,BA,Espécie A,35.4014
512,BA,Espécie A,32.9249
513,BA,Espécie A,29.4125
514,BA,Espécie A,29.8532
515,BA,Espécie A,32.9532
516,BA,Espécie A,32.0231
517,BA,Espécie A,30.8528
518,BA,Espécie A,34.3814
519,BA,Espécie A,28.076
520,BA,Espécie A,28.4865
521,BA,Espécie A,28.1099
522,BA,Espécie A,34.8227
523,BA,Espécie A,28.5634
524,BA,Espécie A,24.1253
525,BA,Espécie A,28.2177
526,BA,Espécie A,29.3052
527,BA,Espécie A,29.4544
528,BA,Espécie A,34.1362
529,BA,Espécie A,32.5765
530,BA,Espécie A,35.9806
531,BA,Espécie A,41.9109
532,BA,Espécie A,29.1379
533,BA,Espécie A,34.9557
534,BA,Espécie A,26.8751
535,BA,Espécie A,27.995
536,BA,Espécie A,33.1045
537,BA,Espécie A,27.5921
538,BA,Espécie A,28.093
539,BA,Espécie A,35.6785
540,BA,Espécie A,24.8824
541,BA,Espécie B,51.7784
542,BA,Espécie B,46.5921
543,BA,Espécie B,55.8148
544,BA,Espécie B,46.4889
545,BA,Espécie B,44.7564
546,BA,Espécie B,55.0597
547,BA,Espécie B,46.5188
548,BA,Espécie B,49.551
549,BA,Espécie B,48.3211
550,BA,Espécie B,39.9265
551,BA,Espécie B,45.3964
552,BA,Espécie B,46.9632
553,BA,Espécie B,43.143
554,BA,Espécie B,46.1645
555,BA,Espécie B,43.4585
556,BA,Espécie B,36.3084
557,BA,Espécie B,40.7668
558,BA,Espécie B,35.6937
559,BA,Espécie B,42.929
560,BA,Espécie B,51.5692
561,BA,Espécie B,51.0305
562,BA,Espécie B,48.8653
563,BA,Espécie B,39.7321
564,BA,Espécie B,44.2522
565,BA,Espécie B,42.7371
566,BA,Espécie B,49.9753
567,BA,Espécie B,52.5424
568,BA,Espécie B,61.3367
569,BA,Espécie B,47.4297
570,BA,Espécie B,42.191
571,BA,Espécie B,44.3148
572,BA,Espécie B,59.549
573,BA,Espécie B,50.031
574,BA,Espécie B,39.7449
575,BA,Espécie B,42.8914
576,BA,Espécie B,46.9107
577,BA,Espécie B,41.7738
578,BA,Espécie B,42.353
579,BA,Espécie B,40.9899
580,BA,Espécie B,45.9279
581,BA,Espécie B,37.6718
582,BA,Espécie B,44.6298
583,BA,Espécie B,34.4117
584,BA,Espécie B,44.0875
585,BA,Espécie B,43.418
586,BA,Espécie B,57.1051
587,BA,Espécie B,37.3432
588,BA,Espécie B,45.5502
589,BA,Espécie B,47.871
590,BA,Espécie B,40.5125
591,BA,Espécie B,50.9846
592,BA,Espécie B,44.8944
593,BA,Espécie B,39.4057
594,BA,Espécie B,40.0531
595,BA,Espécie B,49.3876
596,BA,Espécie B,51.2009
597,BA,Espécie B,54.6138
598,BA,Espécie B,43.7702
599,BA,Espécie B,52.4923
600,BA,Espécie B,53.1058
601,CE,Espécie A,30.0165
602,CE,Espécie A,29.6156
603,CE,Espécie A,30.2697
604,CE,Espécie A,29.8818
605,CE,Espécie A,33.1382
606,CE,Espécie A,21.5758
607,CE,Espécie A,32.1622
608,CE,Espécie A,33.6475
609,CE,Espécie A,27.163
610,CE,Espécie A,29.8584
611,CE,Espécie A,28.3214
612,CE,Espécie A,31.4815
613,CE,Espécie A,33.2192
614,CE,Espécie A,31.6477
615,CE,Espécie A,34.0519
616,CE,Espécie A,35.5145
617,CE,Espécie A,25.7831
618,CE,Espécie A,31.1238
619,CE,Espécie A,33.5797
620,CE,Espécie A,31.3124
621,CE,Espécie A,27.5107
622,CE,Espécie A,34.5711
623,CE,Espécie A,24.3209
624,CE,Espécie A,32.2209
625,CE,Espécie A,32.7912
626,CE,Espécie A,33.7307
627,CE,Espécie A,30.5485
628,CE,Espécie A,29.681
629,CE,Espécie A,32.5818
630,CE,Espécie A,30.8848
631,CE,Espécie A,25.4432
632,CE,Espécie A,27.5859
633,CE,Espécie A,31.9976
634,CE,Espécie A,27.9572
635,CE,Espécie A,30.9016
636,CE,Espécie A,28.4095
637,CE,Espécie A,33.4542
638,CE,Espécie A,37.6706
639,CE,Espécie A,27.0292
640,CE,Espécie A,32.7862
641,CE,Espécie A,32.0205
642,CE,Espécie A,28.679
643,CE,Espécie A,32.4638
644,CE,Espécie A,41.1587
645,CE,Espécie A,31.3455
646,CE,Espécie A,33.0858
647,CE,Espécie A,34.9826
648,CE,Espécie A,30.586
649,CE,Espécie A,23.8227
650,CE,Espécie A,34.4563
651,CE,Espécie A,27.8689
652,CE,Espécie A,20.7011
653,CE,Espécie A,27.8363
654,CE,Espécie A,27.6698
655,CE,Espécie A,35.9741
656,CE,Espécie A,29.0441
657,CE,Espécie A,37.9488
658,CE,Espécie A,35.4487
659,CE,Espécie A,30.6636
660,CE,Espécie A,28.8197
661,CE,Espécie B,54.1624
662,CE,Espécie B,50.3168
663,CE,Espécie B,43.2676
664,CE,Espécie B,43.3556
665,CE,Espécie B,49.8373
666,CE,Espécie B,53.3816
667,CE,Espécie B,51.2307
668,CE,Espécie B,59.3418
669,CE,Espécie B,47.285
670,CE,Espécie B,45.6411
671,CE,Espécie B,54.3291
672,CE,Espécie B,44.2281
673,CE,Espécie B,54.8711
674,CE,Espécie B,40.3325
675,CE,Espécie B,44.478
676,CE,Espécie B,51.3656
677,CE,Espécie B,53.067
678,CE,Espécie B,46.2353
679,CE,Espécie B,54.5057
680,CE,Espécie B,38.2921
681,CE,Espécie B,42.5398
682,CE,Espécie B,46.0427
683,CE,Espécie B,47.8665
684,CE,Espécie B,38.3985
685,CE,Espécie B,52.301
686,CE,Espécie B,44.5459
687,CE,Espécie B,39.5541
688,CE,Espécie B,40.7286
689,CE,Espécie B,53.9017
690,CE,Espécie B,42.0329
691,CE,Espécie B,43.6784
692,CE,Espécie B,49.8841
693,CE,Espécie B,43.037
694,CE,Espécie B,39.7285
695,CE,Espécie B,39.4386
696,CE,Espécie B,55.0423
697,CE,Espécie B,38.5174
698,CE,Espécie B,44.6279
699,CE,Espécie B,49.7321
700,CE,Espécie B,48.5935
701,CE,Espécie B,53.5962
702,CE,Espécie B,47.6577
703,CE,Espécie B,58.0711
704,CE,Espécie B,51.5979
705,CE,Espécie B,40.35
706,CE,Espécie B,43.4668
707,CE,Espécie B,41.0077
708,CE,Espécie B,39.5841
709,CE,Espécie B,39.201
710,CE,Espécie B,47.6292
711,CE,Espécie B,58.5032
712,CE,Espécie B,47.5645
713,CE,Espécie B,47.6794
714,CE,Espécie B,47.9136
715,CE,Espécie B,52.0203
716,CE,Espécie B,49.8502
717,CE,Espécie B,45.3016
718,CE,Espécie B,61.8266
719,CE,Espécie B,45.7845
720,CE,Espécie B,43.4952
721,DF,Espécie A,29.9808
722,DF,Espécie A,30.3929
723,DF,Espécie A,40.058
724,DF,Espécie A,29.647
725,DF,Espécie A,30.8997
726,DF,Espécie A,28.2464
727,DF,Espécie A,28.1312
728,DF,Espécie A,32.2441
729,DF,Espécie A,36.479
730,DF,Espécie A,27.8959
731,DF,Espécie A,27.7114
732,DF,Espécie A,34.4238
733,DF,Espécie A,34.0164
734,DF,Espécie A,28.2044
735,DF,Espécie A,26.2298
736,DF,Espécie A,31.9733
737,DF,Espécie A,25.2588
738,DF,Espécie A,34.179
739,DF,Espécie A,27.0576
740,DF,Espécie A,28.782
741,DF,Espécie A,30.8779
742,DF,Espécie A,31.6782
743,DF,Espécie A,35.3129
744,DF,Espécie A,30.2748
745,DF,Espécie A,35.9747
746,DF,Espécie A,32.5502
747,DF,Espécie A,33.4895
748,DF,Espécie A,33.8925
749,DF,Espécie A,28.4735
750,DF,Espécie A,31.1781
751,DF,Espécie A,25.6698
752,DF,Espécie A,34.3131
753,DF,Espécie A,36.9573
754,DF,Espécie A,32.4934
755,DF,Espécie A,21.7803
756,DF,Espécie A,30.359
757,DF,Espécie A,34.3597
758,DF,Espécie A,34.2632
759,DF,Espécie A,31.9293
760,DF,Espécie A,33.1557
761,DF,Espécie A,33.5635
762,DF,Espécie A,35.175
763,DF,Espécie A,33.0485
764,DF,Espécie A,32.8146
765,DF,Espécie A,35.641
766,DF,Espécie A,31.3442
767,DF,Espécie A,34.2453
768,DF,Espécie A,31.696
769,DF,Espécie A,31.0286
770,DF,Espécie A,38.7582
771,DF,Espécie A,22.8838
772,DF,Espécie A,30.2351
773,DF,Espécie A,33.6891
774,DF,Espécie A,32.8276
775,DF,Espécie A,33.986
776,DF,Espécie A,30.1173
777,DF,Espécie A,35.5459
778,DF,Espécie A,25.5645
779,DF,Espécie A,23.6767
780,DF,Espécie A,28.3273
781,DF,Espécie B,45.0632
782,DF,Espécie B,46.1039
783,DF,Espécie B,62.7349
784,DF,Espécie B,42.4484
785,DF,Espécie B,42.6259
786,DF,Espécie B,35.8039
787,DF,Espécie B,32.6776
788,DF,Espécie B,45.2408
789,DF,Espécie B,59.0658
790,DF,Espécie B,43.1452
791,DF,Espécie B,55.1175
792,DF,Espécie B,44.8311
793,DF,Espécie B,48.4313
794,DF,Espécie B,46.2628
795,DF,Espécie B,53.9272
796,DF,Espécie B,51.3207
797,DF,Espécie B,46.4678
798,DF,Espécie B,47.3143
799,DF,Espécie B,45.2767
800,DF,Espécie B,45.3921
801,DF,Espécie B,48.655
802,DF,Espécie B,45.5495
803,DF,Espécie B,44.3
804,DF,Espécie B,39.4133
805,DF,Espécie B,39.6838
806,DF,Espécie B,44.4745
807,DF,Espécie B,39.8065
808,DF,Espécie B,44.8459
809,DF,Espécie B,51.8796
810,DF,Espécie B,48.4345
811,DF,Espécie B,40.0769
812,DF,Espécie B,45.066
813,DF,Espécie B,46.6508
814,DF,Espécie B,47.6465
815,DF,Espécie B,44.6435
816,DF,Espécie B,48.3067
817,DF,Espécie B,44.8892
818,DF,Espécie B,43.2493
819,DF,Espécie B,47.2321
820,DF,Espécie B,54.2535
821,DF,Espécie B,41.1619
822,DF,Espécie B,46.4343
823,DF,Espécie B,45.0367
824,DF,Espécie B,55.1061
825,DF,Espécie B,47.8887
826,DF,Espécie B,48.9067
827,DF,Espécie B,41.0367
828,DF,Espécie B,54.8608
829,DF,Espécie B,56.3317
830,DF,Espécie B,57.0013
831,DF,Espécie B,53.3791
832,DF,Espécie B,38.6803
833,DF,Espécie B,49.6039
834,DF,Espécie B,40.4941
835,DF,Espécie B,43.4192
836,DF,Espécie B,38.0298
837,DF,Espécie B,43.5188
838,DF,Espécie B,52.9002
839,DF,Espécie B,46.8467
840,DF,Espécie B,46.8185
841,ES,Espécie A,24.8443
842,ES,Espécie A,39.5362
843,ES,Espécie A,28.2343
844,ES,Espécie A,32.4519
845,ES,Espécie A,28.0219
846,ES,Espécie A,30.4478
847,ES,Espécie A,28.3296
848,ES,Espécie A,37.5825
849,ES,Espécie A,27.5291
850,ES,Espécie A,29.2544
851,ES,Espécie A,32.6934
852,ES,Espécie A,36.2819
853,ES,Espécie A,32.5121
854,ES,Espécie A,35.8018
855,ES,Espécie A,29.6737
856,ES,Espécie A,27.0107
857,ES,Espécie A,29.2692
858,ES,Espécie A,31.0116
859,ES,Espécie A,21.8858
860,ES,Espécie A,30.3085
861,ES,Espécie A,28.8129
862,ES,Espécie A,37.8571
863,ES,Espécie A,31.2166
864,ES,Espécie A,27.192
865,ES,Espécie A,32.6084
866,ES,Espécie A,36.9123
867,ES,Espécie A,37.5083
868,ES,Espécie A,30.4465
869,ES,Espécie A,26.5081
870,ES,Espécie A,32.3033
871,ES,Espécie A,33.981
872,ES,Espécie A,33.7612
873,ES,Espécie A,29.7812
874,ES,Espécie A,30.1492
875,ES,Espécie A,29.8498
876,ES,Espécie A,34.0703
877,ES,Espécie A,29.255
878,ES,Espécie A,33.5477
879,ES,Espécie A,35.7151
880,ES,Espécie A,36.997
881,ES,Espécie A,37.7188
882,ES,Espécie A,32.5674
883,ES,Espécie A,38.6151
884,ES,Espécie A,36.6946
885,ES,Espécie A,30.9886
886,ES,Espécie A,32.9198
887,ES,Espécie A,29.9976
888,ES,Espécie A,34.5125
889,ES,Espécie A,33.1817
890,ES,Espécie A,25.9936
891,ES,Espécie A,33.8789
892,ES,Espécie A,29.7434
893,ES,Espécie A,32.1323
894,ES,Espécie A,28.2968
895,ES,Espécie A,31.4026
896,ES,Espécie A,35.7205
897,ES,Espécie A,35.109
898,ES,Espécie A,37.1949
899,ES,Espécie A,35.1198
900,ES,Espécie A,32.9301
901,ES,Espécie B,44.4187
902,ES,Espécie B,38.4067
903,ES,Espécie B,47.7808
904,ES,Espécie B,41.3139
905,ES,Espécie B,53.3749
906,ES,Espécie B,40.8444
907,ES,Espécie B,48.7999
908,ES,Espécie B,49.7972
909,ES,Espécie B,41.2889
910,ES,Espécie B,52.7766
911,ES,Espécie B,43.7019
912,ES,Espécie B,42.6609
913,ES,Espécie B,43.607
914,ES,Espécie B,43.9955
915,ES,Espécie B,32.0277
916,ES,Espécie B,43.1501
917,ES,Espécie B,45.4759
918,ES,Espécie B,42.1988
919,ES,Espécie B,51.3485
920,ES,Espécie B,45.2994
921,ES,Espécie B,45.7447
922,ES,Espécie B,47.3097
923,ES,Espécie B,44.5363
924,ES,Espécie B,44.6702
925,ES,Espécie B,50.4731
926,ES,Espécie B,52.9761
927,ES,Espécie B,41.7051
928,ES,Espécie B,44.2475
929,ES,Espécie B,42.4222
930,ES,Espécie B,52.3682
931,ES,Espécie B,52.1886
932,ES,Espécie B,49.2673
933,ES,Espécie B,55.2773
934,ES,Espécie B,49.2213
935,ES,Espécie B,44.7647
936,ES,Espécie B,51.7041
937,ES,Espécie B,32.5995
938,ES,Espécie B,56.2759
939,ES,Espécie B,42.299
940,ES,Espécie B,42.0063
941,ES,Espécie B,54.3449
942,ES,Espécie B,34.6534
943,ES,Espécie B,45.4338
944,ES,Espécie B,56.0509
945,ES,Espécie B,54.265
946,ES,Espécie B,45.4892
947,ES,Espécie B,50.1379
948,ES,Espécie B,42.542
949,ES,Espécie B,44.1443
950,ES,Espécie B,50.1094
951,ES,Espécie B,41.8071
952,ES,Espécie B,50.4165
953,ES,Espécie B,37.9723
954,ES,Espécie B,38.2278
955,ES,Espécie B,53.9553
956,ES,Espécie B,38.8541
957,ES,Espécie B,41.9539
958,ES,Espécie B,45.2748
959,ES,Espécie B,55.2611
960,ES,Espécie B,38.3227
961,GO,Espécie A,36.0868
962,GO,Espécie A,33.7345
963,GO,Espécie A,35.7241
964,GO,Espécie A,38.1401
965,GO,Espécie A,25.9691
966,GO,Espécie A,34.4441
967,GO,Espécie A,30.8174
968,GO,Espécie A,34.2231
969,GO,Espécie A,34.8497
970,GO,Espécie A,33.5262
971,GO,Espécie A,35.45
972,GO,Espécie A,34.8673
973,GO,Espécie A,37.0817
974,GO,Espécie A,36.9912
975,GO,Espécie A,24.8537
976,GO,Espécie A,23.6217
977,GO,Espécie A,30.2879
978,GO,Espécie A,30.2418
979,GO,Espécie A,29.507
980,GO,Espécie A,40.8973
981,GO,Espécie A,34.4166
982,GO,Espécie A,34.0461
983,GO,Espécie A,31.9538
984,GO,Espécie A,35.1166
985,GO,Espécie A,31.9239
986,GO,Espécie A,31.8859
987,GO,Espécie A,39.0242
988,GO,Espécie A,37.7458
989,GO,Espécie A,36.778
990,GO,Espécie A,29.5849
991,GO,Espécie A,27.8476
992,GO,Espécie A,33.6818
993,GO,Espécie A,35.8149
994,GO,Espécie A,35.8023
995,GO,Espécie A,35.8483
996,GO,Espécie A,36.8163
997,GO,Espécie A,34.3211
998,GO,Espécie A,31.7513
999,GO,Espécie A,40.3279
1000,GO,Espécie A,33.1121
1001,GO,Espécie A,24.5944
1002,GO,Espécie A,37.6817
1003,GO,Espécie A,38.3148
1004,GO,Espécie A,36.4987
1005,GO,Espécie A,22.2609
1006,GO,Espécie A,38.9442
1007,GO,Espécie A,31.8708
1008,GO,Espécie A,33.709
1009,GO,Espécie A,26.6445
1010,GO,Espécie A,34.2141
1011,GO,Espécie A,37.2931
1012,GO,Espécie A,33.1409
1013,GO,Espécie A,31.8422
1014,GO,Espécie A,33.8583
1015,GO,Espécie A,32.0734
1016,GO,Espécie A,28.4583
1017,GO,Espécie A,29.8955
1018,GO,Espécie A,34.8939
1019,GO,Espécie A,37.0458
1020,GO,Espécie A,40.081
1021,GO,Espécie B,39.7078
1022,GO,Espécie B,41.8232
1023,GO,Espécie B,47.6493
1024,GO,Espécie B,58.9764
1025,GO,Espécie B,50.2673
1026,GO,Espécie B,39.1895
1027,GO,Espécie B,41.5749
1028,GO,Espécie B,55.7247
1029,GO,Espécie B,41.0058
1030,GO,Espécie B,52.7345
1031,GO,Espécie B,40.8544
1032,GO,Espécie B,44.289
1033,GO,Espécie B,43.2104
1034,GO,Espécie B,58.95
1035,GO,Espécie B,51.6658
1036,GO,Espécie B,44.3548
1037,GO,Espécie B,47.7707
1038,GO,Espécie B,40.0351
1039,GO,Espécie B,50.8169
1040,GO,Espécie B,53.8794
1041,GO,Espécie B,56.2417
1042,GO,Espécie B,49.9474
1043,GO,Espécie B,43.3059
1044,GO,Espécie B,47.3509
1045,GO,Espécie B,47.3233
1046,GO,Espécie B,36.1317
1047,GO,Espécie B,51.8386
1048,GO,Espécie B,61.6438
1049,GO,Espécie B,47.3003
1050,GO,Espécie B,41.784
1051,GO,Espécie B,43.6614
1052,GO,Espécie B,53.8417
1053,GO,Espécie B,53.1544
1054,GO,Espécie B,46.6817
1055,GO,Espécie B,51.3381
1056,GO,Espécie B,44.9507
1057,GO,Espécie B,55.2661
1058,GO,Espécie B,44.175
1059,GO,Espécie B,45.4522
1060,GO,Espécie B,52.6754
1061,GO,Espécie B,55.7221
1062,GO,Espécie B,44.1323
1063,GO,Espécie B,44.9514
1064,GO,Espécie B,43.0086
1065,GO,Espécie B,42.2628
1066,GO,Espécie B,51.2579
1067,GO,Espécie B,46.1697
1068,GO,Espécie B,50.1965
1069,GO,Espécie B,40.4142
1070,GO,Espécie B,56.2213
1071,GO,Espécie B,39.9924
1072,GO,Espécie B,52.0254
1073,GO,Espécie B,41.4798
1074,GO,Espécie B,44.2626
1075,GO,Espécie B,41.8185
1076,GO,Espécie B,56.0878
1077,GO,Espécie B,43.9861
1078,GO,Espécie B,51.8522
1079,GO,Espécie B,48.1531
1080,GO,Espécie B,55.0596
1081,MA,Espécie A,23.9404
1082,MA,Espécie A,30.2492
1083,MA,Espécie A,20.435
1084,MA,Espécie A,21.9778
1085,MA,Espécie A,23.8266
1086,MA,Espécie A,37.2895
1087,MA,Espécie A,27.3332
1088,MA,Espécie A,24.8851
1089,MA,Espécie A,25.2844
1090,MA,Espécie A,29.5219
1091,MA,Espécie A,24.3259
1092,MA,Espécie A,34.4093
1093,MA,Espécie A,26.7329
1094,MA,Espécie A,26.5412
1095,MA,Espécie A,27.1189
1096,MA,Espécie A,28.3792
1097,MA,Espécie A,29.5978
1098,MA,Espécie A,32.4254
1099,MA,Espécie A,36.1546
1100,MA,Espécie A,22.7619
1101,MA,Espécie A,24.9915
1102,MA,Espécie A,26.3393
1103,MA,Espécie A,23.1354
1104,MA,Espécie A,23.669
1105,MA,Espécie A,24.3548
1106,MA,Espécie A,24.5775
1107,MA,Espécie A,30.0402
1108,MA,Espécie A,29.4158
1109,MA,Espécie A,37.3599
1110,MA,Espécie A,36.2939
1111,MA,Espécie A,32.7532
1112,MA,Espécie A,22.9073
1113,MA,Espécie A,31.602
1114,MA,Espécie A,29.1273
1115,MA,Espécie A,26.4283
1116,MA,Espécie A,22.8526
1117,MA,Espécie A,33.7141
1118,MA,Espécie A,34.8366
1119,MA,Espécie A,25.9845
1120,MA,Espécie A,26.4661
1121,MA,Espécie A,27.221
1122,MA,Espécie A,23.5364
1123,MA,Espécie A,31.3058
1124,MA,Espécie A,24.4056
1125,MA,Espécie A,28.9882
1126,MA,Espécie A,23.0806
1127,MA,Espécie A,30.5545
1128,MA,Espécie A,25.056
1129,MA,Espécie A,30.1714
1130,MA,Espécie A,31.414
1131,MA,Espécie A,29.1916
1132,MA,Espécie A,26.5755
1133,MA,Espécie A,25.7893
1134,MA,Espécie A,27.5618
1135,MA,Espécie A,21.796
1136,MA,Espécie A,28.3089
1137,MA,Espécie A,28.6697
1138,MA,Espécie A,22.9114
1139,MA,Espécie A,22.1979
1140,MA,Espécie A,21.5158
1141,MA,Espécie B,39.3637
1142,MA,Espécie B,51.9678
1143,MA,Espécie B,43.6224
1144,MA,Espécie B,35.7074
1145,MA,Espécie B,40.581
1146,MA,Espécie B,51.5778
1147,MA,Espécie B,38.4085
1148,MA,Espécie B,41.2876
1149,MA,Espécie B,37.3861
1150,MA,Espécie B,50.9741
1151,MA,Espécie B,41.2429
1152,MA,Espécie B,40.4
1153,MA,Espécie B,47.1629
1154,MA,Espécie B,45.856
1155,MA,Espécie B,47.088
1156,MA,Espécie B,44.5811
1157,MA,Espécie B,59.0255
1158,MA,Espécie B,50.5349
1159,MA,Espécie B,35.8057
1160,MA,Espécie B,48.4255
1161,MA,Espécie B,41.1024
1162,MA,Espécie B,45.9589
1163,MA,Espécie B,40.3783
1164,MA,Espécie B,44.0346
1165,MA,Espécie B,38.9736
1166,MA,Espécie B,41.0921
1167,MA,Espécie B,32.9619
1168,MA,Espécie B,39.3214
1169,MA,Espécie B,36.3949
1170,MA,Espécie B,43.0445
1171,MA,Espécie B,42.4919
1172,MA,Espécie B,38.6083
1173,MA,Espécie B,46.2838
1174,MA,Espécie B,47.9446
1175,MA,Espécie B,39.3649
1176,MA,Espécie B,36.3502
1177,MA,Espécie B,36.0384
1178,MA,Espécie B,38.2452
1179,MA,Espécie B,45.469
1180,MA,Espécie B,51.2504
1181,MA,Espécie B,48.0898
1182,MA,Espécie B,39.2205
1183,MA,Espécie B,48.599
1184,MA,Espécie B,37.4532
1185,MA,Espécie B,38.2714
1186,MA,Espécie B,38.3499
1187,MA,Espécie B,49.1677
1188,MA,Espécie B,40.9357
1189,MA,Espécie B,47.308
1190,MA,Espécie B,41.4213
1191,MA,Espécie B,50.5835
1192,MA,Espécie B,38.0325
1193,MA,Espécie B,28.4367
1194,MA,Espécie B,44.0246
1195,MA,Espécie B,44.7875
1196,MA,Espécie B,40.0873
1197,MA,Espécie B,29.7246
1198,MA,Espécie B,45.3673
1199,MA,Espécie B,50.8022
1200,MA,Espécie B,38.7974
1201,MG,Espécie A,28.138
1202,MG,Espécie A,29.5825
1203,MG,Espécie A,34.8798
1204,MG,Espécie A,26.0985
1205,MG,Espécie A,30.7383
1206,MG,Espécie A,29.1214
1207,MG,Espécie A,24.3911
1208,MG,Espécie A,37.7704
1209,MG,Espécie A,25.3545
1210,MG,Espécie A,20.3712
1211,MG,Espécie A,30.5654
1212,MG,Espécie A,26.1117
1213,MG,Espécie A,20.0971
1214,MG,Espécie A,30.8462
1215,MG,Espécie A,22.2703
1216,MG,Espécie A,19.8454
1217,MG,Espécie A,39.1157
1218,MG,Espécie A,28.4212
1219,MG,Espécie A,29.2646
1220,MG,Espécie A,32.9582
1221,MG,Espécie A,26.3271
1222,MG,Espécie A,30.3775
1223,MG,Espécie A,35.167
1224,MG,Espécie A,26.5811
1225,MG,Espécie A,25.5615
1226,MG,Espécie A,23.0463
1227,MG,Espécie A,26.716
1228,MG,Espécie A,26.8151
1229,MG,Espécie A,30.4612
1230,MG,Espécie A,23.2119
1231,MG,Espécie A,21.5256
1232,MG,Espécie A,27.8939
1233,MG,Espécie A,27.0716
1234,MG,Espécie A,26.2663
1235,MG,Espécie A,22.8635
1236,MG,Espécie A,20.9815
1237,MG,Espécie A,30.4078
1238,MG,Espécie A,36.5965
1239,MG,Espécie A,23.0074
1240,MG,Espécie A,25.9519
1241,MG,Espécie A,29.0634
1242,MG,Espécie A,22.8545
1243,MG,Espécie A,28.0688
1244,MG,Espécie A,21.9289
1245,MG,Espécie A,32.9346
1246,MG,Espécie A,23.011
1247,MG,Espécie A,19.0942
1248,MG,Espécie A,31.3837
1249,MG,Espécie A,32.7139
1250,MG,Espécie A,29.3441
1251,MG,Espécie A,19.6767
1252,MG,Espécie A,28.9873
1253,MG,Espécie A,25.6038
1254,MG,Espécie A,27.9409
1255,MG,Espécie A,34.4635
1256,MG,Espécie A,23.5633
1257,MG,Espécie A,30.622
1258,MG,Espécie A,26.7721
1259,MG,Espécie A,27.7266
1260,MG,Espécie A,30.4572
1261,MG,Espécie B,47.223
1262,MG,Espécie B,59.5425
1263,MG,Espécie B,33.7647
1264,MG,Espécie B,44.859
1265,MG,Espécie B,49.7256
1266,MG,Espécie B,49.3982
1267,MG,Espécie B,37.1029
1268,MG,Espécie B,41.6398
1269,MG,Espécie B,34.1116
1270,MG,Espécie B,49.2909
1271,MG,Espécie B,35.7216
1272,MG,Espécie B,33.9976
1273,MG,Espécie B,41.0648
1274,MG,Espécie B,37.754
1275,MG,Espécie B,40.3391
1276,MG,Espécie B,48.555
1277,MG,Espécie B,36.9218
1278,MG,Espécie B,45.6011
1279,MG,Espécie B,40.2329
1280,MG,Espécie B,43.6684
1281,MG,Espécie B,38.5125
1282,MG,Espécie B,46.6413
1283,MG,Espécie B,44.2333
1284,MG,Espécie B,49.9355
1285,MG,Espécie B,34.1851
1286,MG,Espécie B,36.743
1287,MG,Espécie B,47.1096
1288,MG,Espécie B,41.3682
1289,MG,Espécie B,38.7016
1290,MG,Espécie B,51.259
1291,MG,Espécie B,41.34
1292,MG,Espécie B,31.7846
1293,MG,Espécie B,45.8442
1294,MG,Espécie B,38.3123
1295,MG,Espécie B,45.9472
1296,MG,Espécie B,44.691
1297,MG,Espécie B,42.3251
1298,MG,Espécie B,45.0222
1299,MG,Espécie B,46.9137
1300,MG,Espécie B,51.1737
1301,MG,Espécie B,43.3907
1302,MG,Espécie B,47.6954
1303,MG,Espécie B,33.0215
1304,MG,Espécie B,48.9999
1305,MG,Espécie B,47.2294
1306,MG,Espécie B,43.8795
1307,MG,Espécie B,54.7239
1308,MG,Espécie B,39.5826
1309,MG,Espécie B,41.9425
1310,MG,Espécie B,45.1493
1311,MG,Espécie B,53.4864
1312,MG,Espécie B,45.8567
1313,MG,Espécie B,43.5456
1314,MG,Espécie B,37.2518
1315,MG,Espécie B,46.3031
1316,MG,Espécie B,33.1508
1317,MG,Espécie B,48.0954
1318,MG,Espécie B,37.9824
1319,MG,Espécie B,42.3935
1320,MG,Espécie B,36.3515
1321,MS,Espécie A,32.8461
1322,MS,Espécie A,32.5576
1323,MS,Espécie A,29.387
1324,MS,Espécie A,29.3173
1325,MS,Espécie A,30.4022
1326,MS,Espécie A,26.1471
1327,MS,Espécie A,25.9986
1328,MS,Espécie A,33.0664
1329,MS,Espécie A,27.2208
1330,MS,Espécie A,31.0081
1331,MS,Espécie A,26.0074
1332,MS,Espécie A,26.3132
1333,MS,Espécie A,24.636
1334,MS,Espécie A,20.4614
1335,MS,Espécie A,25.4695
1336,MS,Espécie A,27.1156
1337,MS,Espécie A,23.9922
1338,MS,Espécie A,28.9269
1339,MS,Espécie A,22.0757
1340,MS,Espécie A,27.6903
1341,MS,Espécie A,28.0433
1342,MS,Espécie A,21.584
1343,MS,Espécie A,33.3809
1344,MS,Espécie A,33.6284
1345,MS,Espécie A,26.3874
1346,MS,Espécie A,29.9083
1347,MS,Espécie A,33.8024
1348,MS,Espécie A,27.1275
1349,MS,Espécie A,24.1894
1350,MS,Espécie A,31.3053
1351,MS,Espécie A,33.5136
1352,MS,Espécie A,28.6449
1353,MS,Espécie A,35.9218
1354,MS,Espécie A,31.9113
1355,MS,Espécie A,29.5758
1356,MS,Espécie A,28.2526
1357,MS,Espécie A,27.5765
1358,MS,Espécie A,30.3538
1359,MS,Espécie A,29.6876
1360,MS,Espécie A,28.5712
1361,MS,Espécie A,37.9388
1362,MS,Espécie A,29.4643
1363,MS,Espécie A,27.1875
1364,MS,Espécie A,28.8479
1365,MS,Espécie A,28.4721
1366,MS,Espécie A,23.027
1367,MS,Espécie A,17.7916
1368,MS,Espécie A,28.8835
1369,MS,Espécie A,32.6638
1370,MS,Espécie A,29.4603
1371,MS,Espécie A,29.4804
1372,MS,Espécie A,31.6847
1373,MS,Espécie A,32.9382
1374,MS,Espécie A,27.9826
1375,MS,Espécie A,26.2725
1376,MS,Espécie A,22.6198
1377,MS,Espécie A,31.8354
1378,MS,Espécie A,30.7785
1379,MS,Espécie A,26.4794
1380,MS,Espécie A,20.7983
1381,MS,Espécie B,47.5099
1382,MS,Espécie B,40.3389
1383,MS,Espécie B,43.5843
1384,MS,Espécie B,45.9007
1385,MS,Espécie B,44.8406
1386,MS,Espécie B,43.4454
1387,MS,Espécie B,28.8697
1388,MS,Espécie B,42.3289
1389,MS,Espécie B,48.2739
1390,MS,Espécie B,44.9763
1391,MS,Espécie B,43.0584
1392,MS,Espécie B,43.0369
1393,MS,Espécie B,47.0196
1394,MS,Espécie B,43.5586
1395,MS,Espécie B,45.5282
1396,MS,Espécie B,49.5334
1397,MS,Espécie B,48.8535
1398,MS,Espécie B,46.6926
1399,MS,Espécie B,54.0806
1400,MS,Espécie B,51.0154
1401,MS,Espécie B,46.8968
1402,MS,Espécie B,50.628
1403,MS,Espécie B,45.5252
1404,MS,Espécie B,42.1267
1405,MS,Espécie B,49.6491
1406,MS,Espécie B,43.3328
1407,MS,Espécie B,52.4397
1408,MS,Espécie B,45.8578
1409,MS,Espécie B,45.4954
1410,MS,Espécie B,33.2333
1411,MS,Espécie B,47.6489
1412,MS,Espécie B,38.4107
1413,MS,Espécie B,48.8169
1414,MS,Espécie B,44.0969
1415,MS,Espécie B,33.7964
1416,MS,Espécie B,43.4675
1417,MS,Espécie B,36.2141
1418,MS,Espécie B,39.1763
1419,MS,Espécie B,46.736
1420,MS,Espécie B,54.5627
1421,MS,Espécie B,54.6018
1422,MS,Espécie B,48.4613
1423,MS,Espécie B,45.9567
1424,MS,Espécie B,49.8904
1425,MS,Espécie B,53.1233
1426,MS,Espécie B,28.0231
1427,MS,Espécie B,42.2902
1428,MS,Espécie B,40.8672
1429,MS,Espécie B,38.3734
1430,MS,Espécie B,46.1839
1431,MS,Espécie B,45.6796
1432,MS,Espécie B,41.1035
1433,MS,Espécie B,32.7868
1434,MS,Espécie B,37.2182
1435,MS,Espécie B,32.5758
1436,MS,Espécie B,35.6334
1437,MS,Espécie B,56.9995
1438,MS,Espécie B,42.1258
1439,MS,Espécie B,39.9614
1440,MS,Espécie B,37.5694
1441,MT,Espécie A,27.5242
1442,MT,Espécie A,31.8111
1443,MT,Espécie A,30.3241
1444,MT,Espécie A,28.4264
1445,MT,Espécie A,20.9416
1446,MT,Espécie A,35.5837
1447,MT,Espécie A,29.9235
1448,MT,Espécie A,27.5507
1449,MT,Espécie A,22.1729
1450,MT,Espécie A,29.2732
1451,MT,Espécie A,17.4435
1452,MT,Espécie A,27.8491
1453,MT,Espécie A,31.2528
1454,MT,Espécie A,24.3336
1455,MT,Espécie A,30.8811
1456,MT,Espécie A,33.9584
1457,MT,Espécie A,31.8457
1458,MT,Espécie A,30.9048
1459,MT,Espécie A,18.0798
1460,MT,Espécie A,32.4164
1461,MT,Espécie A,26.7504
1462,MT,Espécie A,23.6686
1463,MT,Espécie A,30.8666
1464,MT,Espécie A,31.8646
1465,MT,Espécie A,31.8183
1466,MT,Espécie A,23.0826
1467,MT,Espécie A,23.1478
1468,MT,Espécie A,33.219
1469,MT,Espécie A,26.7724
1470,MT,Espécie A,28.9409
1471,MT,Espécie A,34.9975
1472,MT,Espécie A,30.1128
1473,MT,Espécie A,20.5961
1474,MT,Espécie A,21.922
1475,MT,Espécie A,35.6516
1476,MT,Espécie A,29.803
1477,MT,Espécie A,28.7323
1478,MT,Espécie A,27.1048
1479,MT,Espécie A,28.7795
1480,MT,Espécie A,26.9224
1481,MT,Espécie A,32.9363
1482,MT,Espécie A,34.6798
1483,MT,Espécie A,30.767
1484,MT,Espécie A,31.001
1485,MT,Espécie A,29.939
1486,MT,Espécie A,33.6265
1487,MT,Espécie A,36.1384
1488,MT,Espécie A,28.2357
1489,MT,Espécie A,26.9964
1490,MT,Espécie A,24.3028
1491,MT,Espécie A,28.8228
1492,MT,Espécie A,28.0582
1493,MT,Espécie A,43.0192
1494,MT,Espécie A,34.6933
1495,MT,Espécie A,37.6973
1496,MT,Espécie A,37.1881
1497,MT,Espécie A,24.8685
1498,MT,Espécie A,26.5286
1499,MT,Espécie A,31.2369
1500,MT,Espécie A,29.3408
1501,MT,Espécie B,53.7717
1502,MT,Espécie B,53.2428
1503,MT,Espécie B,46.8651
1504,MT,Espécie B,45.151
1505,MT,Espécie B,45.1998
1506,MT,Espécie B,52.5463
1507,MT,Espécie B,42.129
1508,MT,Espécie B,47.3347
1509,MT,Espécie B,33.6487
1510,MT,Espécie B,37.3631
1511,MT,Espécie B,30.8318
1512,MT,Espécie B,49.7781
1513,MT,Espécie B,50.9457
1514,MT,Espécie B,43.6618
1515,MT,Espécie B,54.2979
1516,MT,Espécie B,40.2762
1517,MT,Espécie B,49.3919
1518,MT,Espécie B,41.1446
1519,MT,Espécie B,51.2282
1520,MT,Espécie B,45.6715
1521,MT,Espécie B,53.9386
1522,MT,Espécie B,50.8638
1523,MT,Espécie B,41.8361
1524,MT,Espécie B,45.8545
1525,MT,Espécie B,50.3168
1526,MT,Espécie B,48.2906
1527,MT,Espécie B,42.9995
1528,MT,Espécie B,45.9553
1529,MT,Espécie B,47.6961
1530,MT,Espécie B,45.1413
1531,MT,Espécie B,45.5976
1532,MT,Espécie B,50.1481
1533,MT,Espécie B,44.7892
1534,MT,Espécie B,36.3191
1535,MT,Espécie B,39.8487
1536,MT,Espécie B,40.9791
1537,MT,Espécie B,44.0012
1538,MT,Espécie B,47.3137
1539,MT,Espécie B,42.4981
1540,MT,Espécie B,49.9738
1541,MT,Espécie B,41.9988
1542,MT,Espécie B,48.994
1543,MT,Espécie B,55.2814
1544,MT,Espécie B,49.0556
1545,MT,Espécie B,44.1272
1546,MT,Espécie B,41.1782
1547,MT,Espécie B,42.1413
1548,MT,Espécie B,27.4472
1549,MT,Espécie B,47.9223
1550,MT,Espécie B,45.4823
1551,MT,Espécie B,49.2732
1552,MT,Espécie B,39.5124
1553,MT,Espécie B,52.8071
1554,MT,Espécie B,48.3193
1555,MT,Espécie B,49.041
1556,MT,Espécie B,39.4151
1557,MT,Espécie B,47.1853
1558,MT,Espécie B,43.4163
1559,MT,Espécie B,45.1285
1560,MT,Espécie B,32.3518
1561,PA,Espécie A,30.8321
1562,PA,Espécie A,35.578
1563,PA,Espécie A,33.2652
1564,PA,Espécie A,31.6049
1565,PA,Espécie A,26.3913
1566,PA,Espécie A,33.9828
1567,PA,Espécie A,26.1665
1568,PA,Espécie A,28.5877
1569,PA,Espécie A,23.3965
1570,PA,Espécie A,28.065
1571,PA,Espécie A,28.7309
1572,PA,Espécie A,32.4994
1573,PA,Espécie A,29.1141
1574,PA,Espécie A,30.7623
1575,PA,Espécie A,38.098
1576,PA,Espécie A,25.4289
1577,PA,Espécie A,32.2848
1578,PA,Espécie A,32.9334
1579,PA,Espécie A,32.0745
1580,PA,Espécie A,33.115
1581,PA,Espécie A,32.0862
1582,PA,Espécie A,33.2133
1583,PA,Espécie A,29.6646
1584,PA,Espécie A,28.3568
1585,PA,Espécie A,27.8701
1586,PA,Espécie A,29.5689
1587,PA,Espécie A,25.7032
1588,PA,Espécie A,23.9492
1589,PA,Espécie A,34.1402
1590,PA,Espécie A,19.0917
1591,PA,Espécie A,28.7472
1592,PA,Espécie A,35.0244
1593,PA,Espécie A,31.3739
1594,PA,Espécie A,28.3603
1595,PA,Espécie A,31.0658
1596,PA,Espécie A,34.6511
1597,PA,Espécie A,29.8832
1598,PA,Espécie A,28.5287
1599,PA,Espécie A,31.0284
1600,PA,Espécie A,37.0978
1601,PA,Espécie A,29.0271
1602,PA,Espécie A,21.3875
1603,PA,Espécie A,31.6898
1604,PA,Espécie A,31.8165
1605,PA,Espécie A,31.5409
1606,PA,Espécie A,37.124
1607,PA,Espécie A,24.1437
1608,PA,Espécie A,29.1804
1609,PA,Espécie A,26.6715
1610,PA,Espécie A,33.2249
1611,PA,Espécie A,35.7033
1612,PA,Espécie A,25.83
1613,PA,Espécie A,26.0876
1614,PA,Espécie A,30.8994
1615,PA,Espécie A,29.8492
1616,PA,Espécie A,30.6012
1617,PA,Espécie A,29.1703
1618,PA,Espécie A,32.3081
1619,PA,Espécie A,32.6744
1620,PA,Espécie A,25.9616
1621,PA,Espécie B,40.8905
1622,PA,Espécie B,53.0624
1623,PA,Espécie B,44.6225
1624,PA,Espécie B,55.0754
1625,PA,Espécie B,34.6884
1626,PA,Espécie B,49.8162
1627,PA,Espécie B,53.4752
1628,PA,Espécie B,49.0168
1629,PA,Espécie B,35.3379
1630,PA,Espécie B,36.5725
1631,PA,Espécie B,40.1707
1632,PA,Espécie B,39.981
1633,PA,Espécie B,44.7273
1634,PA,Espécie B,53.4872
1635,PA,Espécie B,43.5976
1636,PA,Espécie B,45.9671
1637,PA,Espécie B,51.5122
1638,PA,Espécie B,33.1712
1639,PA,Espécie B,40.8192
1640,PA,Espécie B,45.8787
1641,PA,Espécie B,46.3536
1642,PA,Espécie B,54.5361
1643,PA,Espécie B,42.1167
1644,PA,Espécie B,40.3458
1645,PA,Espécie B,43.7029
1646,PA,Espécie B,50.8643
1647,PA,Espécie B,45.8362
1648,PA,Espécie B,44.7195
1649,PA,Espécie B,40.345
1650,PA,Espécie B,47.8292
1651,PA,Espécie B,44.6032
1652,PA,Espécie B,49.2113
1653,PA,Espécie B,46.9416
1654,PA,Espécie B,51.4302
1655,PA,Espécie B,47.1067
1656,PA,Espécie B,36.2786
1657,PA,Espécie B,48.7576
1658,PA,Espécie B,51.5104
1659,PA,Espécie B,42.1279
1660,PA,Espécie B,45.287
1661,PA,Espécie B,35.3463
1662,PA,Espécie B,35.4845
1663,PA,Espécie B,41.2571
1664,PA,Espécie B,47.6737
1665,PA,Espécie B,38.4625
1666,PA,Espécie B,49.78
1667,PA,Espécie B,45.6333
1668,PA,Espécie B,43.2967
1669,PA,Espécie B,45.1404
1670,PA,Espécie B,48.7604
1671,PA,Espécie B,42.103
1672,PA,Espécie B,51.8864
1673,PA,Espécie B,50.6732
1674,PA,Espécie B,32.8323
1675,PA,Espécie B,47.7515
1676,PA,Espécie B,39.718
1677,PA,Espécie B,44.7612
1678,PA,Espécie B,44.5093
1679,PA,Espécie B,41.2304
1680,PA,Espécie B,51.0207
1681,PB,Espécie A,34.3046
1682,PB,Espécie A,29.4975
1683,PB,Espécie A,27.9468
1684,PB,Espécie A,32.6348
1685,PB,Espécie A,35.6024
1686,PB,Espécie A,32.6362
1687,PB,Espécie A,33.4745
1688,PB,Espécie A,36.0443
1689,PB,Espécie A,34.8138
1690,PB,Espécie A,27.4692
1691,PB,Espécie A,32.0038
1692,PB,Espécie A,33.02
1693,PB,Espécie A,26.4868
1694,PB,Espécie A,28.4033
1695,PB,Espécie A,25.9256
1696,PB,Espécie A,32.6763
1697,PB,Espécie A,30.8953
1698,PB,Espécie A,39.6156
1699,PB,Espécie A,29.8625
1700,PB,Espécie A,26.1999
1701,PB,Espécie A,31.4979
1702,PB,Espécie A,31.3953
1703,PB,Espécie A,25.8921
1704,PB,Espécie A,28.5382
1705,PB,Espécie A,24.8512
1706,PB,Espécie A,30.8082
1707,PB,Espécie A,37.4146
1708,PB,Espécie A,32.0381
1709,PB,Espécie A,31.7221
1710,PB,Espécie A,28.5636
1711,PB,Espécie A,35.4495
1712,PB,Espécie A,31.1648
1713,PB,Espécie A,36.0625
1714,PB,Espécie A,28.8026
1715,PB,Espécie A,34.1267
1716,PB,Espécie A,21.2451
1717,PB,Espécie A,34.2061
1718,PB,Espécie A,35.1787
1719,PB,Espécie A,30.6203
1720,PB,Espécie A,33.3622
1721,PB,Espécie A,28.5743
1722,PB,Espécie A,30.8243
1723,PB,Espécie A,28.8639
1724,PB,Espécie A,24.5821
1725,PB,Espécie A,32.0044
1726,PB,Espécie A,27.8155
1727,PB,Espécie A,30.6517
1728,PB,Espécie A,32.2318
1729,PB,Espécie A,26.5911
1730,PB,Espécie A,31.6853
1731,PB,Espécie A,24.3712
1732,PB,Espécie A,34.0751
1733,PB,Espécie A,30.4774
1734,PB,Espécie A,33.1853
1735,PB,Espécie A,31.9172
1736,PB,Espécie A,34.9043
1737,PB,Espécie A,26.5511
1738,PB,Espécie A,31.4854
1739,PB,Espécie A,29.4152
1740,PB,Espécie A,29.8441
1741,PB,Espécie B,50.6558
1742,PB,Espécie B,48.9554
1743,PB,Espécie B,57.1938
1744,PB,Espécie B,42.4604
1745,PB,Espécie B,46.1004
1746,PB,Espécie B,40.8443
1747,PB,Espécie B,35.8947
1748,PB,Espécie B,49.5733
1749,PB,Espécie B,51.7501
1750,PB,Espécie B,44.9789
1751,PB,Espécie B,49.5339
1752,PB,Espécie B,49.9446
1753,PB,Espécie B,49.2682
1754,PB,Espécie B,52.3274
1755,PB,Espécie B,44.4489
1756,PB,Espécie B,44.9232
1757,PB,Espécie B,46.7055
1758,PB,Espécie B,49.3283
1759,PB,Espécie B,50.2493
1760,PB,Espécie B,50.3763
1761,PB,Espécie B,40.8505
1762,PB,Espécie B,49.5836
1763,PB,Espécie B,31.8857
1764,PB,Espécie B,36.9412
1765,PB,Espécie B,51.5156
1766,PB,Espécie B,55.658
1767,PB,Espécie B,46.526
1768,PB,Espécie B,49.6098
1769,PB,Espécie B,46.2554
1770,PB,Espécie B,42.1432
1771,PB,Espécie B,36.7274
1772,PB,Espécie B,41.8473
1773,PB,Espécie B,40.0325
1774,PB,Espécie B,46.2052
1775,PB,Espécie B,60.9338
1776,PB,Espécie B,48.4408
1777,PB,Espécie B,52.7649
1778,PB,Espécie B,52.946
1779,PB,Espécie B,43.3099
1780,PB,Espécie B,43.4649
1781,PB,Espécie B,48.7278
1782,PB,Espécie B,52.1277
1783,PB,Espécie B,48.6158
1784,PB,Espécie B,51.0063
1785,PB,Espécie B,42.4331
1786,PB,Espécie B,52.8191
1787,PB,Espécie B,46.8101
1788,PB,Espécie B,48.3233
1789,PB,Espécie B,44.4381
1790,PB,Espécie B,41.8285
1791,PB,Espécie B,42.8679
1792,PB,Espécie B,51.4446
1793,PB,Espécie B,48.5259
1794,PB,Espécie B,36.7902
1795,PB,Espécie B,49.4549
1796,PB,Espécie B,42.9372
1797,PB,Espécie B,57.6501
1798,PB,Espécie B,46.0849
1799,PB,Espécie B,50.9369
1800,PB,Espécie B,48.5259
1801,PE,Espécie A,34.7331
1802,PE,Espécie A,30.5962
1803,PE,Espécie A,40.0827
1804,PE,Espécie A,33.3675
1805,PE,Espécie A,28.1744
1806,PE,Espécie A,33.2084
1807,PE,Espécie A,29.42
1808,PE,Espécie A,29.1603
1809,PE,Espécie A,31.0022
1810,PE,Espécie A,22.6842
1811,PE,Espécie A,37.1648
1812,PE,Espécie A,32.5878
1813,PE,Espécie A,30.7697
1814,PE,Espécie A,28.1628
1815,PE,Espécie A,35.7424
1816,PE,Espécie A,28.7855
1817,PE,Espécie A,33.5147
1818,PE,Espécie A,31.2584
1819,PE,Espécie A,32.0695
1820,PE,Espécie A,30.2233
1821,PE,Espécie A,32.4452
1822,PE,Espécie A,27.4542
1823,PE,Espécie A,31.3016
1824,PE,Espécie A,37.6527
1825,PE,Espécie A,24.4664
1826,PE,Espécie A,29.071
1827,PE,Espécie A,35.4052
1828,PE,Espécie A,28.6935
1829,PE,Espécie A,36.1053
1830,PE,Espécie A,28.4759
1831,PE,Espécie A,34.9001
1832,PE,Espécie A,25.491
1833,PE,Espécie A,35.3773
1834,PE,Espécie A,29.807
1835,PE,Espécie A,32.2155
1836,PE,Espécie A,31.2568
1837,PE,Espécie A,36.4408
1838,PE,Espécie A,33.5969
1839,PE,Espécie A,38.9054
1840,PE,Espécie A,29.6868
1841,PE,Espécie A,29.3298
1842,PE,Espécie A,22.2218
1843,PE,Espécie A,34.7854
1844,PE,Espécie A,30.3107
1845,PE,Espécie A,33.3044
1846,PE,Espécie A,32.3323
1847,PE,Espécie A,28.7674
1848,PE,Espécie A,35.2609
1849,PE,Espécie A,31.4561
1850,PE,Espécie A,28.5881
1851,PE,Espécie A,30.1525
1852,PE,Espécie A,30.0169
1853,PE,Espécie A,36.9934
1854,PE,Espécie A,34.1
1855,PE,Espécie A,28.5099
1856,PE,Espécie A,35.7921
1857,PE,Espécie A,31.4005
1858,PE,Espécie A,23.7609
1859,PE,Espécie A,25.7401
1860,PE,Espécie A,26.7332
1861,PE,Espécie B,57.5008
1862,PE,Espécie B,42.8653
1863,PE,Espécie B,39.8433
1864,PE,Espécie B,44.4005
1865,PE,Espécie B,51.0873
1866,PE,Espécie B,37.8703
1867,PE,Espécie B,44.8971
1868,PE,Espécie B,54.5846
1869,PE,Espécie B,46.6058
1870,PE,Espécie B,48.9807
1871,PE,Espécie B,45.3191
1872,PE,Espécie B,50.6429
1873,PE,Espécie B,43.6663
1874,PE,Espécie B,43.6221
1875,PE,Espécie B,40.8659
1876,PE,Espécie B,51.8215
1877,PE,Espécie B,41.6564
1878,PE,Espécie B,48.3916
1879,PE,Espécie B,52.8348
1880,PE,Espécie B,46.3842
1881,PE,Espécie B,39.8994
1882,PE,Espécie B,59.4558
1883,PE,Espécie B,50.8178
1884,PE,Espécie B,51.7745
1885,PE,Espécie B,45.6694
1886,PE,Espécie B,56.112
1887,PE,Espécie B,54.5064
1888,PE,Espécie B,47.1754
1889,PE,Espécie B,53.6451
1890,PE,Espécie B,45.9057
1891,PE,Espécie B,45.9749
1892,PE,Espécie B,40.8733
1893,PE,Espécie B,41.0463
1894,PE,Espécie B,45.8298
1895,PE,Espécie B,36.5367
1896,PE,Espécie B,50.7802
1897,PE,Espécie B,50.0685
1898,PE,Espécie B,50.6728
1899,PE,Espécie B,41.414
1900,PE,Espécie B,45.5013
1901,PE,Espécie B,46.9362
1902,PE,Espécie B,44.2405
1903,PE,Espécie B,30.4027
1904,PE,Espécie B,44.4718
1905,PE,Espécie B,45.3004
1906,PE,Espécie B,42.1104
1907,PE,Espécie B,42.8893
1908,PE,Espécie B,41.8164
1909,PE,Espécie B,48.0664
1910,PE,Espécie B,53.4567
1911,PE,Espécie B,42.6203
1912,PE,Espécie B,51.309
1913,PE,Espécie B,45.5303
1914,PE,Espécie B,43.252
1915,PE,Espécie B,41.4598
1916,PE,Espécie B,39.6592
1917,PE,Espécie B,43.6571
1918,PE,Espécie B,45.8294
1919,PE,Espécie B,45.1588
1920,PE,Espécie B,50.4483
1921,PI,Espécie A,37.3127
1922,PI,Espécie A,34.8829
1923,PI,Espécie A,40.0749
1924,PI,Espécie A,27.5988
1925,PI,Espécie A,32.5692
1926,PI,Espécie A,33.3431
1927,PI,Espécie A,31.7468
1928,PI,Espécie A,36.7324
1929,PI,Espécie A,27.8883
1930,PI,Espécie A,36.3335
1931,PI,Espécie A,33.3779
1932,PI,Espécie A,27.6589
1933,PI,Espécie A,28.1345
1934,PI,Espécie A,35.3312
1935,PI,Espécie A,29.0609
1936,PI,Espécie A,31.596
1937,PI,Espécie A,34.1446
1938,PI,Espécie A,26.4778
1939,PI,Espécie A,36.1844
1940,PI,Espécie A,34.3297
1941,PI,Espécie A,39.2305
1942,PI,Espécie A,35.4861
1943,PI,Espécie A,29.0246
1944,PI,Espécie A,27.6759
1945,PI,Espécie A,40.8585
1946,PI,Espécie A,34.9085
1947,PI,Espécie A,27.3261
1948,PI,Espécie A,34.9437
1949,PI,Espécie A,29.8527
1950,PI,Espécie A,33.7339
1951,PI,Espécie A,34.9529
1952,PI,Espécie A,31.996
1953,PI,Espécie A,25.5853
1954,PI,Espécie A,28.4639
1955,PI,Espécie A,30.3326
1956,PI,Espécie A,34.8603
1957,PI,Espécie A,26.8571
1958,PI,Espécie A,36.2615
1959,PI,Espécie A,25.948
1960,PI,Espécie A,31.9468
1961,PI,Espécie A,35.7099
1962,PI,Espécie A,30.7191
1963,PI,Espécie A,30.5867
1964,PI,Espécie A,33.1409
1965,PI,Espécie A,22.2001
1966,PI,Espécie A,32.6589
1967,PI,Espécie A,31.6735
1968,PI,Espécie A,36.2959
1969,PI,Espécie A,31.7018
1970,PI,Espécie A,34.7443
1971,PI,Espécie A,39.177
1972,PI,Espécie A,41.3247
1973,PI,Espécie A,34.757
1974,PI,Espécie A,31.3952
1975,PI,Espécie A,34.9802
1976,PI,Espécie A,28.0703
1977,PI,Espécie A,40.3784
1978,PI,Espécie A,40.7181
1979,PI,Espécie A,32.7692
1980,PI,Espécie A,31.639
1981,PI,Espécie B,50.5622
1982,PI,Espécie B,52.1905
1983,PI,Espécie B,40.2108
1984,PI,Espécie B,40.1858
1985,PI,Espécie B,49.5574
1986,PI,Espécie B,41.2675
1987,PI,Espécie B,53.7802
1988,PI,Espécie B,50.0938
1989,PI,Espécie B,40.4395
1990,PI,Espécie B,46.6595
1991,PI,Espécie B,47.2195
1992,PI,Espécie B,55.2459
1993,PI,Espécie B,57.4436
1994,PI,Espécie B,44.9555
1995,PI,Espécie B,53.2697
1996,PI,Espécie B,52.9163
1997,PI,Espécie B,34.9095
1998,PI,Espécie B,44.1085
1999,PI,Espécie B,43.4851
2000,PI,Espécie B,53.1613
2001,PI,Espécie B,46.626
2002,PI,Espécie B,47.8821
2003,PI,Espécie B,36.6261
2004,PI,Espécie B,58.5751
2005,PI,Espécie B,45.5002
2006,PI,Espécie B,54.5158
2007,PI,Espécie B,55.6169
2008,PI,Espécie B,42.3217
2009,PI,Espécie B,42.778
2010,PI,Espécie B,39.6328
2011,PI,Espécie B,44.7948
2012,PI,Espécie B,38.46
2013,PI,Espécie B,45.6291
2014,PI,Espécie B,48.5091
2015,PI,Espécie B,40.6903
2016,PI,Espécie B,45.3954
2017,PI,Espécie B,46.192
2018,PI,Espécie B,49.3331
2019,PI,Espécie B,51.0476
2020,PI,Espécie B,44.4838
2021,PI,Espécie B,44.9822
2022,PI,Espécie B,54.241
2023,PI,Espécie B,53.4041
2024,PI,Espécie B,50.112
2025,PI,Espécie B,33.6336
2026,PI,Espécie B,45.5944
2027,PI,Espécie B,43.354
2028,PI,Espécie B,50.0697
2029,PI,Espécie B,48.8117
2030,PI,Espécie B,44.4378
2031,PI,Espécie B,49.6944
2032,PI,Espécie B,48.5063
2033,PI,Espécie B,48.9588
2034,PI,Espécie B,50.2717
2035,PI,Espécie B,57.043
2036,PI,Espécie B,50.8467
2037,PI,Espécie B,45.9431
2038,PI,Espécie B,47.8103
2039,PI,Espécie B,40.7153
2040,PI,Espécie B,46.0804
2041,PR,Espécie A,28.4514
2042,PR,Espécie A,33.4495
2043,PR,Espécie A,36.8308
2044,PR,Espécie A,33.1182
2045,PR,Espécie A,31.7419
2046,PR,Espécie A,37.5005
2047,PR,Espécie A,34.8561
2048,PR,Espécie A,34.2134
2049,PR,Espécie A,36.8674
2050,PR,Espécie A,31.7458
2051,PR,Espécie A,35.1726
2052,PR,Espécie A,31.643
2053,PR,Espécie A,28.1777
2054,PR,Espécie A,28.9758
2055,PR,Espécie A,35.8044
2056,PR,Espécie A,33.1824
2057,PR,Espécie A,23.8323
2058,PR,Espécie A,36.5107
2059,PR,Espécie A,35.4544
2060,PR,Espécie A,30.8647
2061,PR,Espécie A,34.4874
2062,PR,Espécie A,21.6467
2063,PR,Espécie A,32.6524
2064,PR,Espécie A,36.6668
2065,PR,Espécie A,35.7915
2066,PR,Espécie A,35.6144
2067,PR,Espécie A,34.6732
2068,PR,Espécie A,38.6837
2069,PR,Espécie A,29.3056
2070,PR,Espécie A,34.3844
2071,PR,Espécie A,26.0607
2072,PR,Espécie A,34.0765
2073,PR,Espécie A,32.0792
2074,PR,Espécie A,29.9695
2075,PR,Espécie A,42.7224
2076,PR,Espécie A,38.1008
2077,PR,Espécie A,34.1582
2078,PR,Espécie A,35.8828
2079,PR,Espécie A,36.6079
2080,PR,Espécie A,38.9887
2081,PR,Espécie A,25.2038
2082,PR,Espécie A,41.6792
2083,PR,Espécie A,41.1589
2084,PR,Espécie A,30.1398
2085,PR,Espécie A,36.7625
2086,PR,Espécie A,30.2456
2087,PR,Espécie A,35.0535
2088,PR,Espécie A,34.8329
2089,PR,Espécie A,30.3162
2090,PR,Espécie A,34.1839
2091,PR,Espécie A,33.6372
2092,PR,Espécie A,32.7012
2093,PR,Espécie A,33.3933
2094,PR,Espécie A,34.3202
2095,PR,Espécie A,33.7919
2096,PR,Espécie A,30.0209
2097,PR,Espécie A,29.7869
2098,PR,Espécie A,32.7705
2099,PR,Espécie A,40.0086
2100,PR,Espécie A,30.0583
2101,PR,Espécie B,55.4394
2102,PR,Espécie B,35.0331
2103,PR,Espécie B,50.1061
2104,PR,Espécie B,44.7142
2105,PR,Espécie B,37.2179
2106,PR,Espécie B,42.4782
2107,PR,Espécie B,38.0413
2108,PR,Espécie B,47.4442
2109,PR,Espécie B,50.621
2110,PR,Espécie B,46.8491
2111,PR,Espécie B,46.1358
2112,PR,Espécie B,56.247
2113,PR,Espécie B,44.7741
2114,PR,Espécie B,54.082
2115,PR,Espécie B,57.2828
2116,PR,Espécie B,38.7636
2117,PR,Espécie B,57.5891
2118,PR,Espécie B,52.856
2119,PR,Espécie B,53.7096
2120,PR,Espécie B,46.1202
2121,PR,Espécie B,52.4238
2122,PR,Espécie B,55.8055
2123,PR,Espécie B,51.097
2124,PR,Espécie B,49.6672
2125,PR,Espécie B,47.0033
2126,PR,Espécie B,44.9997
2127,PR,Espécie B,51.4682
2128,PR,Espécie B,39.3505
2129,PR,Espécie B,44.2222
2130,PR,Espécie B,43.682
2131,PR,Espécie B,50.0599
2132,PR,Espécie B,46.6513
2133,PR,Espécie B,43.5893
2134,PR,Espécie B,38.6831
2135,PR,Espécie B,47.3448
2136,PR,Espécie B,44.519
2137,PR,Espécie B,55.136
2138,PR,Espécie B,43.473
2139,PR,Espécie B,55.6894
2140,PR,Espécie B,48.1603
2141,PR,Espécie B,39.4643
2142,PR,Espécie B,58.9604
2143,PR,Espécie B,46.6015
2144,PR,Espécie B,46.8406
2145,PR,Espécie B,45.8743
2146,PR,Espécie B,48.6074
2147,PR,Espécie B,53.8754
2148,PR,Espécie B,48.058
2149,PR,Espécie B,38.1484
2150,PR,Espécie B,45.6782
2151,PR,Espécie B,43.3953
2152,PR,Espécie B,54.4798
2153,PR,Espécie B,43.4074
2154,PR,Espécie B,50.4733
2155,PR,Espécie B,57.4272
2156,PR,Espécie B,54.3295
2157,PR,Espécie B,46.2632
2158,PR,Espécie B,48.0663
2159,PR,Espécie B,56.5595
2160,PR,Espécie B,47.0615
2161,RJ,Espécie A,23.4889
2162,RJ,Espécie A,27.8046
2163,RJ,Espécie A,20.7611
2164,RJ,Espécie A,32.1292
2165,RJ,Espécie A,31.054
2166,RJ,Espécie A,25.7977
2167,RJ,Espécie A,27.8578
2168,RJ,Espécie A,28.9969
2169,RJ,Espécie A,29.5935
2170,RJ,Espécie A,22.8264
2171,RJ,Espécie A,23.9306
2172,RJ,Espécie A,26.3902
2173,RJ,Espécie A,29.0435
2174,RJ,Espécie A,25.8354
2175,RJ,Espécie A,23.8342
2176,RJ,Espécie A,28.9556
2177,RJ,Espécie A,26.0112
2178,RJ,Espécie A,26.1201
2179,RJ,Espécie A,24.7175
2180,RJ,Espécie A,25.5078
2181,RJ,Espécie A,27.4392
2182,RJ,Espécie A,33.9819
2183,RJ,Espécie A,28.6114
2184,RJ,Espécie A,33.6634
2185,RJ,Espécie A,22.8738
2186,RJ,Espécie A,32.9452
2187,RJ,Espécie A,26.7379
2188,RJ,Espécie A,26.4973
2189,RJ,Espécie A,18.9882
2190,RJ,Espécie A,30.7985
2191,RJ,Espécie A,31.8836
2192,RJ,Espécie A,32.0244
2193,RJ,Espécie A,24.8081
2194,RJ,Espécie A,28.9301
2195,RJ,Espécie A,24.3479
2196,RJ,Espécie A,31.2957
2197,RJ,Espécie A,27.0286
2198,RJ,Espécie A,29.92
2199,RJ,Espécie A,23.367
2200,RJ,Espécie A,26.8393
2201,RJ,Espécie A,23.6137
2202,RJ,Espécie A,31.1881
2203,RJ,Espécie A,29.6549
2204,RJ,Espécie A,24.7581
2205,RJ,Espécie A,32.7507
2206,RJ,Espécie A,24.264
2207,RJ,Espécie A,23.1643
2208,RJ,Espécie A,31.1609
2209,RJ,Espécie A,26.1009
2210,RJ,Espécie A,18.9791
2211,RJ,Espécie A,18.8622
2212,RJ,Espécie A,21.2832
2213,RJ,Espécie A,22.4741
2214,RJ,Espécie A,25.6868
2215,RJ,Espécie A,26.9388
2216,RJ,Espécie A,24.1785
2217,RJ,Espécie A,22.0837
2218,RJ,Espécie A,29.9255
2219,RJ,Espécie A,25.2175
2220,RJ,Espécie A,22.7711
2221,RJ,Espécie B,46.3011
2222,RJ,Espécie B,42.1149
2223,RJ,Espécie B,33.9569
2224,RJ,Espécie B,50.7728
2225,RJ,Espécie B,41.1847
2226,RJ,Espécie B,42.1738
2227,RJ,Espécie B,31.6427
2228,RJ,Espécie B,42.1782
2229,RJ,Espécie B,51.0415
2230,RJ,Espécie B,44.9544
2231,RJ,Espécie B,48.6712
2232,RJ,Espécie B,47.7478
2233,RJ,Espécie B,39.2368
2234,RJ,Espécie B,38.467
2235,RJ,Espécie B,41.7455
2236,RJ,Espécie B,32.969
2237,RJ,Espécie B,39.0068
2238,RJ,Espécie B,43.6731
2239,RJ,Espécie B,42.5885
2240,RJ,Espécie B,52.6482
2241,RJ,Espécie B,45.2333
2242,RJ,Espécie B,32.9966
2243,RJ,Espécie B,43.7903
2244,RJ,Espécie B,35.3059
2245,RJ,Espécie B,39.4123
2246,RJ,Espécie B,35.6448
2247,RJ,Espécie B,40.8401
2248,RJ,Espécie B,35.0999
2249,RJ,Espécie B,42.5522
2250,RJ,Espécie B,41.9269
2251,RJ,Espécie B,47.4411
2252,RJ,Espécie B,43.553
2253,RJ,Espécie B,45.5267
2254,RJ,Espécie B,47.4062
2255,RJ,Espécie B,45.0481
2256,RJ,Espécie B,45.3333
2257,RJ,Espécie B,41.1878
2258,RJ,Espécie B,45.2766
2259,RJ,Espécie B,40.6047
2260,RJ,Espécie B,45.9307
2261,RJ,Espécie B,34.9639
2262,RJ,Espécie B,34.0339
2263,RJ,Espécie B,41.4825
2264,RJ,Espécie B,44.8095
2265,RJ,Espécie B,39.512
2266,RJ,Espécie B,50.7206
2267,RJ,Espécie B,35.6955
2268,RJ,Espécie B,42.1919
2269,RJ,Espécie B,40.3519
2270,RJ,Espécie B,50.7384
2271,RJ,Espécie B,49.0441
2272,RJ,Espécie B,54.6107
2273,RJ,Espécie B,46.0249
2274,RJ,Espécie B,44.9706
2275,RJ,Espécie B,46.5568
2276,RJ,Espécie B,38.1004
2277,RJ,Espécie B,37.6096
2278,RJ,Espécie B,36.3126
2279,RJ,Espécie B,31.7247
2280,RJ,Espécie B,45.2762
2281,RN,Espécie A,23.7607
2282,RN,Espécie A,21.465
2283,RN,Espécie A,28.397
2284,RN,Espécie A,27.3857
2285,RN,Espécie A,19.3662
2286,RN,Espécie A,24.2141
2287,RN,Espécie A,35.5683
2288,RN,Espécie A,32.505
2289,RN,Espécie A,27.306
2290,RN,Espécie A,22.6274
2291,RN,Espécie A,25.266
2292,RN,Espécie A,26.3883
2293,RN,Espécie A,28.0499
2294,RN,Espécie A,29.8994
2295,RN,Espécie A,26.798
2296,RN,Espécie A,27.0464
2297,RN,Espécie A,31.8717
2298,RN,Espécie A,26.0469
2299,RN,Espécie A,25.3267
2300,RN,Espécie A,25.8857
2301,RN,Espécie A,30.7427
2302,RN,Espécie A,29.4839
2303,RN,Espécie A,38.7662
2304,RN,Espécie A,29.6303
2305,RN,Espécie A,26.0567
2306,RN,Espécie A,28.8967
2307,RN,Espécie A,20.7878
2308,RN,Espécie A,22.9338
2309,RN,Espécie A,30.9515
2310,RN,Espécie A,26.9816
2311,RN,Espécie A,27.1027
2312,RN,Espécie A,31.939
2313,RN,Espécie A,23.0204
2314,RN,Espécie A,28.991
2315,RN,Espécie A,22.8614
2316,RN,Espécie A,27.6224
2317,RN,Espécie A,23.0196
2318,RN,Espécie A,19.7702
2319,RN,Espécie A,23.2967
2320,RN,Espécie A,28.5273
2321,RN,Espécie A,26.2924
2322,RN,Espécie A,28.1954
2323,RN,Espécie A,34.5328
2324,RN,Espécie A,23.0864
2325,RN,Espécie A,28.8542
2326,RN,Espécie A,30.8378
2327,RN,Espécie A,26.462
2328,RN,Espécie A,23.5941
2329,RN,Espécie A,27.253
2330,RN,Espécie A,26.4623
2331,RN,Espécie A,22.9629
2332,RN,Espécie A,29.5775
2333,RN,Espécie A,30.9321
2334,RN,Espécie A,26.2171
2335,RN,Espécie A,27.5055
2336,RN,Espécie A,24.3736
2337,RN,Espécie A,26.043
2338,RN,Espécie A,30.4605
2339,RN,Espécie A,25.0502
2340,RN,Espécie A,27.9853
2341,RN,Espécie B,38.1366
2342,RN,Espécie B,37.6751
2343,RN,Espécie B,43.4232
2344,RN,Espécie B,32.5327
2345,RN,Espécie B,34.7268
2346,RN,Espécie B,46.7966
2347,RN,Espécie B,41.0763
2348,RN,Espécie B,39.0262
2349,RN,Espécie B,52.7614
2350,RN,Espécie B,40.1005
2351,RN,Espécie B,42.4831
2352,RN,Espécie B,45.2756
2353,RN,Espécie B,45.3393
2354,RN,Espécie B,41.2797
2355,RN,Espécie B,31.3791
2356,RN,Espécie B,42.1654
2357,RN,Espécie B,44.2523
2358,RN,Espécie B,49.2223
2359,RN,Espécie B,43.3941
2360,RN,Espécie B,44.3987
2361,RN,Espécie B,39.2897
2362,RN,Espécie B,50.8607
2363,RN,Espécie B,46.8402
2364,RN,Espécie B,39.6462
2365,RN,Espécie B,45.7991
2366,RN,Espécie B,45.3146
2367,RN,Espécie B,49.6916
2368,RN,Espécie B,47.976
2369,RN,Espécie B,35.9152
2370,RN,Espécie B,43.3902
2371,RN,Espécie B,41.2957
2372,RN,Espécie B,37.8365
2373,RN,Espécie B,39.58
2374,RN,Espécie B,34.2915
2375,RN,Espécie B,51.2091
2376,RN,Espécie B,41.8429
2377,RN,Espécie B,46.3538
2378,RN,Espécie B,44.7931
2379,RN,Espécie B,42.8205
2380,RN,Espécie B,37.0231
2381,RN,Espécie B,46.4197
2382,RN,Espécie B,30.694
2383,RN,Espécie B,51.26
2384,RN,Espécie B,39.7286
2385,RN,Espécie B,36.6665
2386,RN,Espécie B,48.6142
2387,RN,Espécie B,41.2354
2388,RN,Espécie B,33.65
2389,RN,Espécie B,39.6493
2390,RN,Espécie B,48.3448
2391,RN,Espécie B,42.6509
2392,RN,Espécie B,39.4504
2393,RN,Espécie B,41.1158
2394,RN,Espécie B,43.474
2395,RN,Espécie B,45.6948
2396,RN,Espécie B,41.4872
2397,RN,Espécie B,40.5358
2398,RN,Espécie B,39.4939
2399,RN,Espécie B,39.6427
2400,RN,Espécie B,45.0577
2401,RO,Espécie A,26.158
2402,RO,Espécie A,26.8363
2403,RO,Espécie A,24.4138
2404,RO,Espécie A,29.7862
2405,RO,Espécie A,32.8675
2406,RO,Espécie A,25.1991
2407,RO,Espécie A,31.8986
2408,RO,Espécie A,30.115
2409,RO,Espécie A,24.6392
2410,RO,Espécie A,22.7411
2411,RO,Espécie A,31.2821
2412,RO,Espécie A,29.7654
2413,RO,Espécie A,26.7324
2414,RO,Espécie A,27.6459
2415,RO,Espécie A,25.1743
2416,RO,Espécie A,28.1543
2417,RO,Espécie A,33.4027
2418,RO,Espécie A,25.9936
2419,RO,Espécie A,22.4229
2420,RO,Espécie A,24.2223
2421,RO,Espécie A,32.53
2422,RO,Espécie A,26.5817
2423,RO,Espécie A,25.1448
2424,RO,Espécie A,20.0954
2425,RO,Espécie A,23.0139
2426,RO,Espécie A,29.4932
2427,RO,Espécie A,30.0044
2428,RO,Espécie A,26.9476
2429,RO,Espécie A,24.7984
2430,RO,Espécie A,32.8588
2431,RO,Espécie A,31.4533
2432,RO,Espécie A,28.6015
2433,RO,Espécie A,33.6527
2434,RO,Espécie A,32.9743
2435,RO,Espécie A,25.5092
2436,RO,Espécie A,35.6015
2437,RO,Espécie A,29.3005
2438,RO,Espécie A,27.9905
2439,RO,Espécie A,29.2617
2440,RO,Espécie A,26.196
2441,RO,Espécie A,29.7898
2442,RO,Espécie A,23.1246
2443,RO,Espécie A,38.2914
2444,RO,Espécie A,24.6473
2445,RO,Espécie A,26.6145
2446,RO,Espécie A,33.4926
2447,RO,Espécie A,37.634
2448,RO,Espécie A,20.727
2449,RO,Espécie A,30.6349
2450,RO,Espécie A,25.8914
2451,RO,Espécie A,31.974
2452,RO,Espécie A,27.3956
2453,RO,Espécie A,31.8034
2454,RO,Espécie A,30.8608
2455,RO,Espécie A,19.0545
2456,RO,Espécie A,29.699
2457,RO,Espécie A,24.3061
2458,RO,Espécie A,27.4868
2459,RO,Espécie A,28.8171
2460,RO,Espécie A,30.2932
2461,RO,Espécie B,41.8657
2462,RO,Espécie B,42.3665
2463,RO,Espécie B,36.1669
2464,RO,Espécie B,44.726
2465,RO,Espécie B,56.0256
2466,RO,Espécie B,33.2392
2467,RO,Espécie B,47.6093
2468,RO,Espécie B,34.7315
2469,RO,Espécie B,41.6067
2470,RO,Espécie B,43.6175
2471,RO,Espécie B,51.2244
2472,RO,Espécie B,41.3114
2473,RO,Espécie B,35.1815
2474,RO,Espécie B,39.2131
2475,RO,Espécie B,38.3234
2476,RO,Espécie B,40.1359
2477,RO,Espécie B,46.4998
2478,RO,Espécie B,42.5072
2479,RO,Espécie B,40.4929
2480,RO,Espécie B,45.8222
2481,RO,Espécie B,40.6947
2482,RO,Espécie B,42.1912
2483,RO,Espécie B,35.2416
2484,RO,Espécie B,46.2369
2485,RO,Espécie B,31.3559
2486,RO,Espécie B,47.1485
2487,RO,Espécie B,42.7191
2488,RO,Espécie B,38.4045
2489,RO,Espécie B,42.9392
2490,RO,Espécie B,35.5861
2491,RO,Espécie B,47.5785
2492,RO,Espécie B,37.1123
2493,RO,Espécie B,43.0194
2494,RO,Espécie B,32.5599
2495,RO,Espécie B,47.3705
2496,RO,Espécie B,40.9262
2497,RO,Espécie B,41.9917
2498,RO,Espécie B,46.2797
2499,RO,Espécie B,48.8609
2500,RO,Espécie B,42.7855
2501,RO,Espécie B,47.966
2502,RO,Espécie B,44.1339
2503,RO,Espécie B,44.0014
2504,RO,Espécie B,48.7096
2505,RO,Espécie B,50.1175
2506,RO,Espécie B,39.3029
2507,RO,Espécie B,41.8132
2508,RO,Espécie B,44.2379
2509,RO,Espécie B,44.7542
2510,RO,Espécie B,47.2636
2511,RO,Espécie B,48.9037
2512,RO,Espécie B,46.8411
2513,RO,Espécie B,45.077
2514,RO,Espécie B,37.5161
2515,RO,Espécie B,35.5977
2516,RO,Espécie B,41.1602
2517,RO,Espécie B,44.7278
2518,RO,Espécie B,37.6322
2519,RO,Espécie B,45.885
2520,RO,Espécie B,42.1957
2521,RR,Espécie A,28.0482
2522,RR,Espécie A,25.0807
2523,RR,Espécie A,33.0957
2524,RR,Espécie A,37.1244
2525,RR,Espécie A,29.057
2526,RR,Espécie A,31.1517
2527,RR,Espécie A,29.5153
2528,RR,Espécie A,32.7334
2529,RR,Espécie A,30.9956
2530,RR,Espécie A,33.3962
2531,RR,Espécie A,26.6422
2532,RR,Espécie A,30.0263
2533,RR,Espécie A,30.3727
2534,RR,Espécie A,29.4469
2535,RR,Espécie A,32.8976
2536,RR,Espécie A,25.1339
2537,RR,Espécie A,34.3254
2538,RR,Espécie A,19.1247
2539,RR,Espécie A,28.1103
2540,RR,Espécie A,20.2404
2541,RR,Espécie A,26.8239
2542,RR,Espécie A,31.6698
2543,RR,Espécie A,24.3012
2544,RR,Espécie A,28.1833
2545,RR,Espécie A,30.7263
2546,RR,Espécie A,29.5531
2547,RR,Espécie A,27.998
2548,RR,Espécie A,29.1643
2549,RR,Espécie A,31.3138
2550,RR,Espécie A,28.8571
2551,RR,Espécie A,24.2996
2552,RR,Espécie A,25.0556
2553,RR,Espécie A,32.8055
2554,RR,Espécie A,30.623
2555,RR,Espécie A,28.1797
2556,RR,Espécie A,38.3276
2557,RR,Espécie A,32.524
2558,RR,Espécie A,25.8701
2559,RR,Espécie A,31.2573
2560,RR,Espécie A,31.2944
2561,RR,Espécie A,29.6533
2562,RR,Espécie A,26.8834
2563,RR,Espécie A,31.7121
2564,RR,Espécie A,24.9464
2565,RR,Espécie A,23.4446
2566,RR,Espécie A,29.5973
2567,RR,Espécie A,29.4462
2568,RR,Espécie A,28.1384
2569,RR,Espécie A,28.3387
2570,RR,Espécie A,37.032
2571,RR,Espécie A,29.2903
2572,RR,Espécie A,38.6155
2573,RR,Espécie A,31.0015
2574,RR,Espécie A,30.0128
2575,RR,Espécie A,26.2501
2576,RR,Espécie A,28.1736
2577,RR,Espécie A,29.8672
2578,RR,Espécie A,21.1166
2579,RR,Espécie A,30.7109
2580,RR,Espécie A,32.9381
2581,RR,Espécie B,45.1391
2582,RR,Espécie B,42.9942
2583,RR,Espécie B,47.1924
2584,RR,Espécie B,46.1272
2585,RR,Espécie B,47.6395
2586,RR,Espécie B,51.8879
2587,RR,Espécie B,42.2048
2588,RR,Espécie B,38.646
2589,RR,Espécie B,41.1502
2590,RR,Espécie B,45.677
2591,RR,Espécie B,49.518
2592,RR,Espécie B,44.5424
2593,RR,Espécie B,40.2509
2594,RR,Espécie B,50.8533
2595,RR,Espécie B,44.8217
2596,RR,Espécie B,39.8626
2597,RR,Espécie B,46.0444
2598,RR,Espécie B,46.8029
2599,RR,Espécie B,45.4377
2600,RR,Espécie B,44.0811
2601,RR,Espécie B,39.2621
2602,RR,Espécie B,34.8951
2603,RR,Espécie B,49.4074
2604,RR,Espécie B,47.4826
2605,RR,Espécie B,42.1429
2606,RR,Espécie B,44.9268
2607,RR,Espécie B,50.3109
2608,RR,Espécie B,42.6005
2609,RR,Espécie B,42.7714
2610,RR,Espécie B,39.8751
2611,RR,Espécie B,51.7137
2612,RR,Espécie B,48.9291
2613,RR,Espécie B,41.3034
2614,RR,Espécie B,43.2104
2615,RR,Espécie B,42.3499
2616,RR,Espécie B,35.0196
2617,RR,Espécie B,37.8686
2618,RR,Espécie B,34.3867
2619,RR,Espécie B,46.1001
2620,RR,Espécie B,47.8193
2621,RR,Espécie B,45.541
2622,RR,Espécie B,38.9229
2623,RR,Espécie B,39.7797
2624,RR,Espécie B,38.6012
2625,RR,Espécie B,35.8373
2626,RR,Espécie B,42.0517
2627,RR,Espécie B,38.4545
2628,RR,Espécie B,45.1114
2629,RR,Espécie B,47.0411
2630,RR,Espécie B,33.3562
2631,RR,Espécie B,46.463
2632,RR,Espécie B,51.7612
2633,RR,Espécie B,41.3978
2634,RR,Espécie B,43.5365
2635,RR,Espécie B,47.7717
2636,RR,Espécie B,43.4097
2637,RR,Espécie B,41.9439
2638,RR,Espécie B,52.1149
2639,RR,Espécie B,49.2791
2640,RR,Espécie B,44.1343
2641,RS,Espécie A,38.1685
2642,RS,Espécie A,29.542
2643,RS,Espécie A,30.1375
2644,RS,Espécie A,37.0813
2645,RS,Espécie A,28.1435
2646,RS,Espécie A,34.1259
2647,RS,Espécie A,28.1561
2648,RS,Espécie A,30.3274
2649,RS,Espécie A,34.7302
2650,RS,Espécie A,28.2295
2651,RS,Espécie A,33.5649
2652,RS,Espécie A,22.2833
2653,RS,Espécie A,31.007
2654,RS,Espécie A,25.7406
2655,RS,Espécie A,30.1615
2656,RS,Espécie A,23.2728
2657,RS,Espécie A,23.3168
2658,RS,Espécie A,25.6578
2659,RS,Espécie A,33.9707
2660,RS,Espécie A,33.8059
2661,RS,Espécie A,29.2027
2662,RS,Espécie A,27.4991
2663,RS,Espécie A,27.0303
2664,RS,Espécie A,27.8863
2665,RS,Espécie A,31.2455
2666,RS,Espécie A,31.5723
2667,RS,Espécie A,26.1173
2668,RS,Espécie A,24.3382
2669,RS,Espécie A,30.7404
2670,RS,Espécie A,25.9535
2671,RS,Espécie A,27.8107
2672,RS,Espécie A,30.1883
2673,RS,Espécie A,27.9132
2674,RS,Espécie A,27.6696
2675,RS,Espécie A,32.7528
2676,RS,Espécie A,32.1892
2677,RS,Espécie A,27.855
2678,RS,Espécie A,31.3724
2679,RS,Espécie A,35.5468
2680,RS,Espécie A,24.3552
2681,RS,Espécie A,36.0048
2682,RS,Espécie A,34.9958
2683,RS,Espécie A,25.6376
2684,RS,Espécie A,20.9951
2685,RS,Espécie A,28.7265
2686,RS,Espécie A,21.6713
2687,RS,Espécie A,33.6225
2688,RS,Espécie A,26.4704
2689,RS,Espécie A,29.2211
2690,RS,Espécie A,33.6184
2691,RS,Espécie A,25.6555
2692,RS,Espécie A,25.62
2693,RS,Espécie A,29.9502
2694,RS,Espécie A,31.5035
2695,RS,Espécie A,29.3566
2696,RS,Espécie A,31.1642
2697,RS,Espécie A,30.5329
2698,RS,Espécie A,26.8409
2699,RS,Espécie A,34.8723
2700,RS,Espécie A,30.8974
2701,RS,Espécie B,44.8703
2702,RS,Espécie B,36.9695
2703,RS,Espécie B,49.9574
2704,RS,Espécie B,43.8606
2705,RS,Espécie B,39.8045
2706,RS,Espécie B,38.9015
2707,RS,Espécie B,47.0053
2708,RS,Espécie B,44.1317
2709,RS,Espécie B,43.1239
2710,RS,Espécie B,42.9415
2711,RS,Espécie B,46.3391
2712,RS,Espécie B,45.0282
2713,RS,Espécie B,47.933
2714,RS,Espécie B,38.8102
2715,RS,Espécie B,44.1908
2716,RS,Espécie B,55.7151
2717,RS,Espécie B,44.1163
2718,RS,Espécie B,43.6935
2719,RS,Espécie B,52.858
2720,RS,Espécie B,36.3928
2721,RS,Espécie B,45.5075
2722,RS,Espécie B,40.1221
2723,RS,Espécie B,44.5719
2724,RS,Espécie B,42.883
2725,RS,Espécie B,39.5492
2726,RS,Espécie B,44.1813
2727,RS,Espécie B,49.0072
2728,RS,Espécie B,41.3026
2729,RS,Espécie B,44.968
2730,RS,Espécie B,42.8036
2731,RS,Espécie B,51.3214
2732,RS,Espécie B,49.8367
2733,RS,Espécie B,42.4412
2734,RS,Espécie B,47.1496
2735,RS,Espécie B,53.3052
2736,RS,Espécie B,47.2407
2737,RS,Espécie B,41.1202
2738,RS,Espécie B,47.8286
2739,RS,Espécie B,49.0278
2740,RS,Espécie B,45.0562
2741,RS,Espécie B,51.5226
2742,RS,Espécie B,46.3569
2743,RS,Espécie B,43.7274
2744,RS,Espécie B,50.5625
2745,RS,Espécie B,42.9325
2746,RS,Espécie B,51.4789
2747,RS,Espécie B,39.8014
2748,RS,Espécie B,46.5443
2749,RS,Espécie B,45.637
2750,RS,Espécie B,50.3267
2751,RS,Espécie B,50.5117
2752,RS,Espécie B,52.1869
2753,RS,Espécie B,44.4545
2754,RS,Espécie B,42.9653
2755,RS,Espécie B,46.1934
2756,RS,Espécie B,44.9611
2757,RS,Espécie B,48.2759
2758,RS,Espécie B,40.8279
2759,RS,Espécie B,46.0795
2760,RS,Espécie B,51.9678
2761,SC,Espécie A,36.9024
2762,SC,Espécie A,31.2586
2763,SC,Espécie A,42.1249
2764,SC,Espécie A,31.6621
2765,SC,Espécie A,35.4247
2766,SC,Espécie A,34.8044
2767,SC,Espécie A,22.7983
2768,SC,Espécie A,30.9446
2769,SC,Espécie A,31.2896
2770,SC,Espécie A,30.3745
2771,SC,Espécie A,22.6267
2772,SC,Espécie A,33.3181
2773,SC,Espécie A,34.0016
2774,SC,Espécie A,33.9561
2775,SC,Espécie A,35.2146
2776,SC,Espécie A,35.5963
2777,SC,Espécie A,34.2611
2778,SC,Espécie A,24.3857
2779,SC,Espécie A,29.1034
2780,SC,Espécie A,38.7527
2781,SC,Espécie A,34.4329
2782,SC,Espécie A,32.1398
2783,SC,Espécie A,28.0728
2784,SC,Espécie A,29.5496
2785,SC,Espécie A,33.0007
2786,SC,Espécie A,32.1597
2787,SC,Espécie A,34.3097
2788,SC,Espécie A,40.7459
2789,SC,Espécie A,36.5508
2790,SC,Espécie A,30.9812
2791,SC,Espécie A,32.5737
2792,SC,Espécie A,33.4131
2793,SC,Espécie A,30.1582
2794,SC,Espécie A,36.4131
2795,SC,Espécie A,33.9356
2796,SC,Espécie A,33.5929
2797,SC,Espécie A,29.4907
2798,SC,Espécie A,33.1839
2799,SC,Espécie A,34.612
2800,SC,Espécie A,31.6881
2801,SC,Espécie A,22.7808
2802,SC,Espécie A,37.1948
2803,SC,Espécie A,32.494
2804,SC,Espécie A,38.1328
2805,SC,Espécie A,23.1816
2806,SC,Espécie A,25.0501
2807,SC,Espécie A,28.0662
2808,SC,Espécie A,33.3783
2809,SC,Espécie A,29.4224
2810,SC,Espécie A,26.8831
2811,SC,Espécie A,28.6229
2812,SC,Espécie A,26.723
2813,SC,Espécie A,25.9345
2814,SC,Espécie A,28.013
2815,SC,Espécie A,27.7003
2816,SC,Espécie A,31.6137
2817,SC,Espécie A,28.2905
2818,SC,Espécie A,39.4907
2819,SC,Espécie A,31.6798
2820,SC,Espécie A,31.5367
2821,SC,Espécie B,52.3499
2822,SC,Espécie B,31.4374
2823,SC,Espécie B,53.6533
2824,SC,Espécie B,53.9852
2825,SC,Espécie B,48.0651
2826,SC,Espécie B,41.0008
2827,SC,Espécie B,39.7745
2828,SC,Espécie B,52.6019
2829,SC,Espécie B,44.5521
2830,SC,Espécie B,44.9055
2831,SC,Espécie B,46.0113
2832,SC,Espécie B,41.278
2833,SC,Espécie B,50.322
2834,SC,Espécie B,43.7567
2835,SC,Espécie B,45.1887
2836,SC,Espécie B,49.9751
2837,SC,Espécie B,53.248
2838,SC,Espécie B,56.1735
2839,SC,Espécie B,40.5961
2840,SC,Espécie B,47.592
2841,SC,Espécie B,39.2982
2842,SC,Espécie B,46.173
2843,SC,Espécie B,50.3124
2844,SC,Espécie B,44.2556
2845,SC,Espécie B,47.4483
2846,SC,Espécie B,40.3757
2847,SC,Espécie B,44.5639
2848,SC,Espécie B,49.7881
2849,SC,Espécie B,52.0896
2850,SC,Espécie B,50.5496
2851,SC,Espécie B,44.522
2852,SC,Espécie B,55.0338
2853,SC,Espécie B,49.249
2854,SC,Espécie B,47.5628
2855,SC,Espécie B,44.4408
2856,SC,Espécie B,55.3865
2857,SC,Espécie B,43.0889
2858,SC,Espécie B,46.3027
2859,SC,Espécie B,52.9193
2860,SC,Espécie B,55.9382
2861,SC,Espécie B,41.3988
2862,SC,Espécie B,39.9067
2863,SC,Espécie B,39.4187
2864,SC,Espécie B,55.8373
2865,SC,Espécie B,40.0262
2866,SC,Espécie B,39.7403
2867,SC,Espécie B,56.8209
2868,SC,Espécie B,50.255
2869,SC,Espécie B,48.9826
2870,SC,Espécie B,42.0244
2871,SC,Espécie B,41.5207
2872,SC,Espécie B,50.5185
2873,SC,Espécie B,49.4212
2874,SC,Espécie B,50.8124
2875,SC,Espécie B,51.0214
2876,SC,Espécie B,44.2781
2877,SC,Espécie B,55.0873
2878,SC,Espécie B,43.7219
2879,SC,Espécie B,48.6495
2880,SC,Espécie B,48.7555
2881,SE,Espécie A,28.6352
2882,SE,Espécie A,34.6165
2883,SE,Espécie A,37.2873
2884,SE,Espécie A,27.9598
2885,SE,Espécie A,28.3462
2886,SE,Espécie A,33.7508
2887,SE,Espécie A,29.6708
2888,SE,Espécie A,34.6753
2889,SE,Espécie A,33.8015
2890,SE,Espécie A,34.4229
2891,SE,Espécie A,35.2493
2892,SE,Espécie A,33.8868
2893,SE,Espécie A,32.586
2894,SE,Espécie A,37.3102
2895,SE,Espécie A,26.318
2896,SE,Espécie A,34.2384
2897,SE,Espécie A,29.4643
2898,SE,Espécie A,28.5082
2899,SE,Espécie A,28.1689
2900,SE,Espécie A,31.1956
2901,SE,Espécie A,34.6044
2902,SE,Espécie A,35.0019
2903,SE,Espécie A,28.4129
2904,SE,Espécie A,33.2397
2905,SE,Espécie A,23.7788
2906,SE,Espécie A,29.3667
2907,SE,Espécie A,31.1277
2908,SE,Espécie A,33.6862
2909,SE,Espécie A,24.5098
2910,SE,Espécie A,31.7429
2911,SE,Espécie A,30.8368
2912,SE,Espécie A,32.4891
2913,SE,Espécie A,28.9186
2914,SE,Espécie A,25.2605
2915,SE,Espécie A,31.5092
2916,SE,Espécie A,35.7462
2917,SE,Espécie A,32.3514
2918,SE,Espécie A,30.8001
2919,SE,Espécie A,34.1542
2920,SE,Espécie A,30.5584
2921,SE,Espécie A,36.3169
2922,SE,Espécie A,27.1656
2923,SE,Espécie A,30.3666
2924,SE,Espécie A,27.8606
2925,SE,Espécie A,30.3407
2926,SE,Espécie A,28.9518
2927,SE,Espécie A,28.1521
2928,SE,Espécie A,31.9697
2929,SE,Espécie A,23.0837
2930,SE,Espécie A,32.3579
2931,SE,Espécie A,33.4105
2932,SE,Espécie A,29.9827
2933,SE,Espécie A,27.9933
2934,SE,Espécie A,28.09
2935,SE,Espécie A,31.0465
2936,SE,Espécie A,36.4777
2937,SE,Espécie A,30.3231
2938,SE,Espécie A,33.6892
2939,SE,Espécie A,32.5284
2940,SE,Espécie A,24.4953
2941,SE,Espécie B,45.1101
2942,SE,Espécie B,43.7044
2943,SE,Espécie B,33.2694
2944,SE,Espécie B,43.9795
2945,SE,Espécie B,40.3188
2946,SE,Espécie B,41.7391
2947,SE,Espécie B,38.3085
2948,SE,Espécie B,45.916
2949,SE,Espécie B,49.9543
2950,SE,Espécie B,44.856
2951,SE,Espécie B,52.5957
2952,SE,Espécie B,40.7388
2953,SE,Espécie B,47.0339
2954,SE,Espécie B,48.5211
2955,SE,Espécie B,41.8378
2956,SE,Espécie B,54.0437
2957,SE,Espécie B,31.1578
2958,SE,Espécie B,52.2981
2959,SE,Espécie B,49.8715
2960,SE,Espécie B,46.8331
2961,SE,Espécie B,41.0604
2962,SE,Espécie B,47.0972
2963,SE,Espécie B,48.2795
2964,SE,Espécie B,44.7499
2965,SE,Espécie B,43.5801
2966,SE,Espécie B,48.4834
2967,SE,Espécie B,46.0083
2968,SE,Espécie B,51.2466
2969,SE,Espécie B,42.7564
2970,SE,Espécie B,48.7098
2971,SE,Espécie B,48.649
2972,SE,Espécie B,42.9174
2973,SE,Espécie B,50.3217
2974,SE,Espécie B,35.7805
2975,SE,Espécie B,49.8546
2976,SE,Espécie B,38.9802
2977,SE,Espécie B,38.7506
2978,SE,Espécie B,42.2213
2979,SE,Espécie B,39.8748
2980,SE,Espécie B,40.0389
2981,SE,Espécie B,34.4428
2982,SE,Espécie B,57.7245
2983,SE,Espécie B,47.4459
2984,SE,Espécie B,40.4024
2985,SE,Espécie B,47.9506
2986,SE,Espécie B,45.8919
2987,SE,Espécie B,44.4015
2988,SE,Espécie B,50.9488
2989,SE,Espécie B,36.6576
2990,SE,Espécie B,40.1993
2991,SE,Espécie B,41.8722
2992,SE,Espécie B,46.5347
2993,SE,Espécie B,49.2122
2994,SE,Espécie B,49.9226
2995,SE,Espécie B,46.0073
2996,SE,Espécie B,40.6814
2997,SE,Espécie B,37.2561
2998,SE,Espécie B,52.3273
2999,SE,Espécie B,42.7774
3000,SE,Espécie B,53.4242
3001,SP,Espécie A,30.9758
3002,SP,Espécie A,23.5982
3003,SP,Espécie A,31.5465
3004,SP,Espécie A,26.0973
3005,SP,Espécie A,33.4376
3006,SP,Espécie A,23.2384
3007,SP,Espécie A,38.1628
3008,SP,Espécie A,28.7558
3009,SP,Espécie A,33.2317
3010,SP,Espécie A,35.2508
3011,SP,Espécie A,37.5284
3012,SP,Espécie A,32.0017
3013,SP,Espécie A,32.483
3014,SP,Espécie A,39.5443
3015,SP,Espécie A,29.0567
3016,SP,Espécie A,34.6819
3017,SP,Espécie A,31.9942
3018,SP,Espécie A,26.1432
3019,SP,Espécie A,31.1879
3020,SP,Espécie A,32.0554
3021,SP,Espécie A,30.617
3022,SP,Espécie A,33.3145
3023,SP,Espécie A,33.0318
3024,SP,Espécie A,41.9019
3025,SP,Espécie A,29.2406
3026,SP,Espécie A,31.0059
3027,SP,Espécie A,29.8823
3028,SP,Espécie A,35.4816
3029,SP,Espécie A,31.8783
3030,SP,Espécie A,30.4302
3031,SP,Espécie A,25.9386
3032,SP,Espécie A,32.0874
3033,SP,Espécie A,38.4804
3034,SP,Espécie A,39.5082
3035,SP,Espécie A,31.5666
3036,SP,Espécie A,31.0585
3037,SP,Espécie A,25.5442
3038,SP,Espécie A,33.3448
3039,SP,Espécie A,32.9078
3040,SP,Espécie A,32.7919
3041,SP,Espécie A,29.3229
3042,SP,Espécie A,24.338
3043,SP,Espécie A,32.2754
3044,SP,Espécie A,33.33
3045,SP,Espécie A,25.7147
3046,SP,Espécie A,33.7444
3047,SP,Espécie A,31.7792
3048,SP,Espécie A,40.9859
3049,SP,Espécie A,31.625
3050,SP,Espécie A,31.8318
3051,SP,Espécie A,24.6517
3052,SP,Espécie A,28.9953
3053,SP,Espécie A,36.7661
3054,SP,Espécie A,35.1145
3055,SP,Espécie A,31.0992
3056,SP,Espécie A,35.6983
3057,SP,Espécie A,32.5135
3058,SP,Espécie A,29.0559
3059,SP,Espécie A,42.4254
3060,SP,Espécie A,27.8828
3061,SP,Espécie B,42.1664
3062,SP,Espécie B,51.926
3063,SP,Espécie B,60.4213
3064,SP,Espécie B,37.5253
3065,SP,Espécie B,42.8323
3066,SP,Espécie B,51.353
3067,SP,Espécie B,50.2998
3068,SP,Espécie B,40.8505
3069,SP,Espécie B,48.4877
3070,SP,Espécie B,54.6106
3071,SP,Espécie B,46.6372
3072,SP,Espécie B,51.8565
3073,SP,Espécie B,44.1031
3074,SP,Espécie B,38.8037
3075,SP,Espécie B,46.8297
3076,SP,Espécie B,51.6712
3077,SP,Espécie B,52.8676
3078,SP,Espécie B,47.6531
3079,SP,Espécie B,44.8175
3080,SP,Espécie B,55.4382
3081,SP,Espécie B,49.7403
3082,SP,Espécie B,48.7828
3083,SP,Espécie B,44.2074
3084,SP,Espécie B,43.7065
3085,SP,Espécie B,44.1283
3086,SP,Espécie B,50.9112
3087,SP,Espécie B,43.9807
3088,SP,Espécie B,46.7148
3089,SP,Espécie B,51.0164
3090,SP,Espécie B,47.5892
3091,SP,Espécie B,53.4809
3092,SP,Espécie B,48.9329
3093,SP,Espécie B,39.3563
3094,SP,Espécie B,48.0185
3095,SP,Espécie B,57.2942
3096,SP,Espécie B,48.3115
3097,SP,Espécie B,49.3253
3098,SP,Espécie B,49.525
3099,SP,Espécie B,50.7954
3100,SP,Espécie B,41.4632
3101,SP,Espécie B,52.6926
3102,SP,Espécie B,40.9179
3103,SP,Espécie B,39.8163
3104,SP,Espécie B,38.2001
3105,SP,Espécie B,44.2536
3106,SP,Espécie B,41.046
3107,SP,Espécie B,47.421
3108,SP,Espécie B,45.475
3109,SP,Espécie B,49.7093
3110,SP,Espécie B,40.9989
3111,SP,Espécie B,38.4813
3112,SP,Espécie B,44.0998
3113,SP,Espécie B,40.807
3114,SP,Espécie B,51.2359
3115,SP,Espécie B,55.8886
3116,SP,Espécie B,46.2097
3117,SP,Espécie B,58.6174
3118,SP,Espécie B,37.2022
3119,SP,Espécie B,42.9458
3120,SP,Espécie B,51.9338
3121,TO,Espécie A,33.1455
3122,TO,Espécie A,32.2758
3123,TO,Espécie A,37.5073
3124,TO,Espécie A,34.4383
3125,TO,Espécie A,27.6852
3126,TO,Espécie A,32.7029
3127,TO,Espécie A,28.9049
3128,TO,Espécie A,30.0759
3129,TO,Espécie A,33.8988
3130,TO,Espécie A,33.6565
3131,TO,Espécie A,30.6399
3132,TO,Espécie A,36.4282
3133,TO,Espécie A,29.1072
3134,TO,Espécie A,30.1798
3135,TO,Espécie A,30.228
3136,TO,Espécie A,35.2478
3137,TO,Espécie A,24.4734
3138,TO,Espécie A,30.6042
3139,TO,Espécie A,32.6362
3140,TO,Espécie A,31.6424
3141,TO,Espécie A,31.6985
3142,TO,Espécie A,35.3979
3143,TO,Espécie A,33.1986
3144,TO,Espécie A,35.0907
3145,TO,Espécie A,36.2632
3146,TO,Espécie A,36.9749
3147,TO,Espécie A,30.8443
3148,TO,Espécie A,37.6777
3149,TO,Espécie A,36.0367
3150,TO,Espécie A,28.4631
3151,TO,Espécie A,35.8202
3152,TO,Espécie A,31.4069
3153,TO,Espécie A,28.5588
3154,TO,Espécie A,36.3031
3155,TO,Espécie A,30.8074
3156,TO,Espécie A,35.2996
3157,TO,Espécie A,31.3386
3158,TO,Espécie A,23.9469
3159,TO,Espécie A,40.4753
3160,TO,Espécie A,39.6752
3161,TO,Espécie A,32.6934
3162,TO,Espécie A,42.9747
3163,TO,Espécie A,26.6306
3164,TO,Espécie A,32.7134
3165,TO,Espécie A,35.7166
3166,TO,Espécie A,32.9206
3167,TO,Espécie A,33.7055
3168,TO,Espécie A,26.509
3169,TO,Espécie A,25.6252
3170,TO,Espécie A,41.8902
3171,TO,Espécie A,32.2651
3172,TO,Espécie A,40.4265
3173,TO,Espécie A,39.3083
3174,TO,Espécie A,31.7285
3175,TO,Espécie A,30.8851
3176,TO,Espécie A,31.6868
3177,TO,Espécie A,35.4595
3178,TO,Espécie A,29.1088
3179,TO,Espécie A,29.2229
3180,TO,Espécie A,35.7319
3181,TO,Espécie B,47.909
3182,TO,Espécie B,51.1341
3183,TO,Espécie B,57.7787
3184,TO,Espécie B,50.3892
3185,TO,Espécie B,52.084
3186,TO,Espécie B,42.3114
3187,TO,Espécie B,51.1255
3188,TO,Espécie B,49.8829
3189,TO,Espécie B,54.164
3190,TO,Espécie B,58.1426
3191,TO,Espécie B,50.5657
3192,TO,Espécie B,36.7991
3193,TO,Espécie B,56.5634
3194,TO,Espécie B,63.5363
3195,TO,Espécie B,42.7112
3196,TO,Espécie B,43.4424
3197,TO,Espécie B,40.3241
3198,TO,Espécie B,40.348
3199,TO,Espécie B,43.4782
3200,TO,Espécie B,42.5313
3201,TO,Espécie B,43.8891
3202,TO,Espécie B,49.0544
3203,TO,Espécie B,49.4321
3204,TO,Espécie B,43.6619
3205,TO,Espécie B,47.9295
3206,TO,Espécie B,46.5739
3207,TO,Espécie B,42.99
3208,TO,Espécie B,48.5444
3209,TO,Espécie B,47.0507
3210,TO,Espécie B,55.5171
3211,TO,Espécie B,56.3575
3212,TO,Espécie B,46.965
3213,TO,Espécie B,61.6871
3214,TO,Espécie B,45.8862
3215,TO,Espécie B,39.863
3216,TO,Espécie B,48.4139
3217,TO,Espécie B,53.2265
3218,TO,Espécie B,57.9752
3219,TO,Espécie B,53.0623
3220,TO,Espécie B,54.3942
3221,TO,Espécie B,57.7859
3222,TO,Espécie B,56.7402
3223,TO,Espécie B,46.4927
3224,TO,Espécie B,48.201
3225,TO,Espécie B,49.8499
3226,TO,Espécie B,47.2844
3227,TO,Espécie B,46.9807
3228,TO,Espécie B,41.4007
3229,TO,Espécie B,59.2934
3230,TO,Espécie B,45.2968
3231,TO,Espécie B,45.4034
3232,TO,Espécie B,48.4635
3233,TO,Espécie B,42.7072
3234,TO,Espécie B,51.1501
3235,TO,Espécie B,49.7093
3236,TO,Espécie B,52.6842
3237,TO,Espécie B,43.2269
3238,TO,Espécie B,42.4768
3239,TO,Espécie B,61.6579
3240,TO,Espécie B,48.5235
