id,especie,tamanho
1,Espécie A,29.4236
2,Espécie A,29.3084
3,Espécie A,29.5547
4,Espécie A,32.8079
5,Espécie A,29.4896
6,Espécie A,24.0106
7,Espécie A,31.3293
8,Espécie A,28.9307
9,Espécie A,29.1322
10,Espécie A,30.4635
11,Espécie A,30.9292
12,Espécie A,34.6542
13,Espécie A,32.6265
14,Espécie A,30.442
15,Espécie A,27.0467
16,Espécie A,25.9414
17,Espécie A,30.9854
18,Espécie A,35.2443
19,Espécie A,30.1666
20,Espécie A,29.5747
21,Espécie A,32.1271
22,Espécie A,24.1858
23,Espécie A,28.7509
24,Espécie A,31.9615
25,Espécie A,33.4936
26,Espécie A,29.0375
27,Espécie A,31.5064
28,Espécie A,30.9929
29,Espécie A,33.1293
30,Espécie A,25.5471
31,Espécie A,32.273
32,Espécie A,23.9419
33,Espécie A,19.5202
34,Espécie A,27.5724
35,Espécie A,26.3368
36,Espécie A,33.504
37,Espécie A,32.6571
38,Espécie A,25.1237
39,Espécie A,33.3894
40,Espécie A,25.9912
41,Espécie A,29.655
42,Espécie A,28.8244
43,Espécie A,30.4577
44,Espécie A,33.2745
45,Espécie A,32.5537
46,Espécie A,31.3995
47,Espécie A,32.5998
48,Espécie A,31.914
49,Espécie A,27.4921
50,Espécie A,27.1305
51,Espécie A,28.1201
52,Espécie A,31.9973
53,Espécie A,28.9995
54,Espécie A,39.343
55,Espécie A,26.7228
56,Espécie A,25.6045
57,Espécie A,33.0739
58,Espécie A,35.6874
59,Espécie A,32.0228
60,Espécie A,33.3433
61,Espécie A,35.7054
62,Espécie A,29.6239
63,Espécie A,24.3082
64,Espécie A,27.8717
65,Espécie A,33.8116
66,Espécie A,24.2253
67,Espécie A,30.1341
68,Espécie A,31.0129
69,Espécie A,28.7376
70,Espécie A,32.8945
71,Espécie A,32.3231
72,Espécie A,39.2856
73,Espécie A,32.4799
74,Espécie A,27.5624
75,Espécie A,27.7528
76,Espécie A,26.6737
77,Espécie A,33.8091
78,Espécie A,27.7327
79,Espécie A,29.719
80,Espécie A,32.9972
81,Espécie A,27.1061
82,Espécie A,28.8254
83,Espécie A,22.6349
84,Espécie A,25.6701
85,Espécie A,27.7291
86,Espécie A,31.663
87,Espécie A,34.774
88,Espécie A,29.9261
89,Espécie A,31.0455
90,Espécie A,30.6719
91,Espécie A,34.339
92,Espécie A,33.5734
93,Espécie A,31.0948
94,Espécie A,25.9562
95,Espécie A,33.6135
96,Espécie A,31.5242
97,Espécie A,34.9078
98,Espécie A,29.8804
99,Espécie A,37.8124
100,Espécie A,28.5645
101,Espécie A,36.3722
102,Espécie A,30.4605
103,Espécie A,27.9349
104,Espécie A,25.4862
105,Espécie A,29.3959
106,Espécie A,35.6933
107,Espécie A,33.2655
108,Espécie A,32.7555
109,Espécie A,20.4965
110,Espécie A,32.8439
111,Espécie A,32.2234
112,Espécie A,27.8003
113,Espécie A,27.4905
114,Espécie A,29.9908
115,Espécie A,36.8995
116,Espécie A,25.7796
117,Espécie A,28.2888
118,Espécie A,35.4471
119,Espécie A,28.2154
120,Espécie A,28.543
121,Espécie A,30.3911
122,Espécie A,25.0348
123,Espécie A,30.8798
124,Espécie A,25.1615
125,Espécie A,33.5408
126,Espécie A,30.0127
127,Espécie A,39.1337
128,Espécie A,31.1234
129,Espécie A,35.4628
130,Espécie A,24.7869
131,Espécie A,29.5114
132,Espécie A,31.2926
133,Espécie A,36.9829
134,Espécie A,23.2763
135,Espécie A,33.9625
136,Espécie A,32.3654
137,Espécie A,36.1342
138,Espécie A,32.8495
139,Espécie A,30.2083
140,Espécie A,27.9134
141,Espécie A,25.0073
142,Espécie A,30.7817
143,Espécie A,29.2332
144,Espécie A,38.0811
145,Espécie A,27.5559
146,Espécie A,31.2816
147,Espécie A,23.724
148,Espécie A,28.4181
149,Espécie A,31.0446
150,Espécie A,33.2958
151,Espécie A,35.7924
152,Espécie A,29.8234
153,Espécie A,25.531
154,Espécie A,31.8314
155,Espécie A,32.0679
156,Espécie A,31.9666
157,Espécie A,27.1988
158,Espécie A,34.5335
159,Espécie A,30.3516
160,Espécie A,32.7993
161,Espécie A,35.0963
162,Espécie A,32.4371
163,Espécie A,31.1461
164,Espécie A,38.6112
165,Espécie A,30.9748
166,Espécie A,28.8161
167,Espécie A,30.4479
168,Espécie A,35.9311
169,Espécie A,30.4748
170,Espécie A,32.0775
171,Espécie A,34.7829
172,Espécie A,27.9486
173,Espécie A,23.0937
174,Espécie A,31.1977
175,Espécie A,30.9189
176,Espécie A,27.568
177,Espécie A,33.4843
178,Espécie A,32.4303
179,Espécie A,26.02
180,Espécie A,32.0729
181,Espécie A,29.2156
182,Espécie A,24.0679
183,Espécie A,31.8118
184,Espécie A,29.8191
185,Espécie A,27.0189
186,Espécie A,32.0918
187,Espécie A,31.9524
188,Espécie A,27.6899
189,Espécie A,31.6014
190,Espécie A,34.0603
191,Espécie A,27.1493
192,Espécie A,31.5236
193,Espécie A,30.011
194,Espécie A,39.064
195,Espécie A,22.5508
196,Espécie A,32.7811
197,Espécie A,28.775
198,Espécie A,29.5992
199,Espécie A,37.6064
200,Espécie A,29.9657
201,Espécie A,38.9638
202,Espécie A,28.2314
203,Espécie A,31.402
204,Espécie A,28.0366
205,Espécie A,27.2372
206,Espécie A,30.2499
207,Espécie A,28.8697
208,Espécie A,30.81
209,Espécie A,21.5799
210,Espécie A,38.0099
211,Espécie A,29.332
212,Espécie A,36.9716
213,Espécie A,25.9716
214,Espécie A,31.1701
215,Espécie A,42.6598
216,Espécie A,26.5211
217,Espécie A,24.0188
218,Espécie A,27.814
219,Espécie A,31.89
220,Espécie A,32.7734
221,Espécie A,35.1615
222,Espécie A,28.972
223,Espécie A,23.591
224,Espécie A,28.2599
225,Espécie A,34.9609
226,Espécie A,31.8627
227,Espécie A,22.1722
228,Espécie A,29.8598
229,Espécie A,35.5927
230,Espécie A,38.5062
231,Espécie A,32.2467
232,Espécie A,31.2372
233,Espécie A,25.0392
234,Espécie A,26.627
235,Espécie A,30.1877
236,Espécie A,32.0128
237,Espécie A,32.3207
238,Espécie A,28.0872
239,Espécie A,25.3922
240,Espécie A,26.8889
241,Espécie A,25.3721
242,Espécie A,32.5736
243,Espécie A,20.7509
244,Espécie A,28.6669
245,Espécie A,31.7995
246,Espécie A,36.0881
247,Espécie A,30.2852
248,Espécie A,34.0051
249,Espécie A,28.404
250,Espécie A,27.0224
251,Espécie B,40.9536
252,Espécie B,54.164
253,Espécie B,50.9653
254,Espécie B,47.9244
255,Espécie B,64.9816
256,Espécie B,44.806
257,Espécie B,48.7221
258,Espécie B,46.8455
259,Espécie B,43.6687
260,Espécie B,58.897
261,Espécie B,54.0396
262,Espécie B,36.6031
263,Espécie B,42.6009
264,Espécie B,47.57
265,Espécie B,49.6991
266,Espécie B,36.9093
267,Espécie B,31.4666
268,Espécie B,33.5618
269,Espécie B,44.5733
270,Espécie B,44.3808
271,Espécie B,47.0713
272,Espécie B,40.382
273,Espécie B,37.6546
274,Espécie B,32.8617
275,Espécie B,46.9751
276,Espécie B,47.2203
277,Espécie B,50.958
278,Espécie B,49.7448
279,Espécie B,43.8557
280,Espécie B,53.0956
281,Espécie B,44.1818
282,Espécie B,41.035
283,Espécie B,41.8765
284,Espécie B,41.4911
285,Espécie B,32.0056
286,Espécie B,45.938
287,Espécie B,46.4993
288,Espécie B,42.8264
289,Espécie B,40.717
290,Espécie B,47.2308
291,Espécie B,55.3012
292,Espécie B,45.2295
293,Espécie B,41.9542
294,Espécie B,41.4513
295,Espécie B,44.5815
296,Espécie B,37.4114
297,Espécie B,44.2484
298,Espécie B,45.3671
299,Espécie B,56.0681
300,Espécie B,50.6608
301,Espécie B,51.2042
302,Espécie B,40.7223
303,Espécie B,49.0195
304,Espécie B,38.1637
305,Espécie B,46.8718
306,Espécie B,47.5124
307,Espécie B,40.4015
308,Espécie B,56.9963
309,Espécie B,48.4042
310,Espécie B,33.5836
311,Espécie B,48.3172
312,Espécie B,42.5555
313,Espécie B,45.0083
314,Espécie B,47.7946
315,Espécie B,47.3432
316,Espécie B,32.7651
317,Espécie B,38.0501
318,Espécie B,49.6357
319,Espécie B,52.8072
320,Espécie B,56.4189
321,Espécie B,55.819
322,Espécie B,32.6668
323,Espécie B,49.6169
324,Espécie B,33.5023
325,Espécie B,54.6816
326,Espécie B,46.5201
327,Espécie B,38.153
328,Espécie B,57.0594
329,Espécie B,48.8638
330,Espécie B,33.6531
331,Espécie B,46.7608
332,Espécie B,40.6132
333,Espécie B,45.6678
334,Espécie B,42.2088
335,Espécie B,53.241
336,Espécie B,36.4603
337,Espécie B,46.9044
338,Espécie B,55.8851
339,Espécie B,40.0382
340,Espécie B,46.2639
341,Espécie B,46.212
342,Espécie B,40.8618
343,Espécie B,48.8874
344,Espécie B,45.5823
345,Espécie B,39.3374
346,Espécie B,55.5721
347,Espécie B,49.7497
348,Espécie B,43.9974
349,Espécie B,41.18
350,Espécie B,40.2938
351,Espécie B,52.3856
352,Espécie B,44.1211
353,Espécie B,47.7566
354,Espécie B,43.8933
355,Espécie B,48.6985
356,Espécie B,44.3041
357,Espécie B,49.5831
358,Espécie B,43.9007
359,Espécie B,49.9775
360,Espécie B,49.0343
361,Espécie B,44.3003
362,Espécie B,39.8413
363,Espécie B,39.3593
364,Espécie B,40.5556
365,Espécie B,39.0931
366,Espécie B,50.1948
367,Espécie B,44.7204
368,Espécie B,54.4206
369,Espécie B,58.676
370,Espécie B,45.1453
371,Espécie B,35.7119
372,Espécie B,42.7113
373,Espécie B,44.5479
374,Espécie B,36.0693
375,Espécie B,43.497
376,Espécie B,46.7217
377,Espécie B,42.2434
378,Espécie B,40.3894
379,Espécie B,40.4475
380,Espécie B,55.7201
381,Espécie B,44.0421
382,Espécie B,40.0204
383,Espécie B,42.7626
384,Espécie B,50.7261
385,Espécie B,40.8919
386,Espécie B,47.8911
387,Espécie B,49.3673
388,Espécie B,49.4947
389,Espécie B,53.3982
390,Espécie B,41.6971
391,Espécie B,51.7964
392,Espécie B,40.2429
393,Espécie B,42.6208
394,Espécie B,52.1765
395,Espécie B,49.9343
396,Espécie B,45.0126
397,Espécie B,37.8515
398,Espécie B,48.37
399,Espécie B,41.2178
400,Espécie B,39.4567
401,Espécie B,41.1112
402,Espécie B,46.479
403,Espécie B,32.2738
404,Espécie B,47.1646
405,Espécie B,46.0435
406,Espécie B,41.4928
407,Espécie B,51.2216
408,Espécie B,48.6686
409,Espécie B,41.3623
410,Espécie B,40.9799
411,Espécie B,49.1709
412,Espécie B,35.9036
413,Espécie B,43.0043
414,Espécie B,41.2137
415,Espécie B,45.4193
416,Espécie B,46.2668
417,Espécie B,45.2207
418,Espécie B,51.8091
419,Espécie B,46.3684
420,Espécie B,43.11
421,Espécie B,37.7349
422,Espécie B,49.3311
423,Espécie B,48.1689
424,Espécie B,53.7049
425,Espécie B,40.5153
426,Espécie B,45.1585
427,Espécie B,44.6478
428,Espécie B,44.4743
429,Espécie B,45.0623
430,Espécie B,34.7128
431,Espécie B,49.9499
432,Espécie B,48.9192
433,Espécie B,51.7828
434,Espécie B,58.4974
435,Espécie B,43.0862
436,Espécie B,44.7831
437,Espécie B,45.0587
438,Espécie B,56.6531
439,Espécie B,34.6127
440,Espécie B,47.9146
441,Espécie B,36.175
442,Espécie B,29.5106
443,Espécie B,32.875
444,Espécie B,36.7094
445,Espécie B,51.4142
446,Espécie B,39.7898
447,Espécie B,43.6353
448,Espécie B,38.0189
449,Espécie B,48.6657
450,Espécie B,38.3882
451,Espécie B,52.9059
452,Espécie B,39.0414
453,Espécie B,40.411
454,Espécie B,45.7364
455,Espécie B,45.1483
456,Espécie B,53.5481
457,Espécie B,45.7224
458,Espécie B,37.753
459,Espécie B,41.638
460,Espécie B,41.5633
461,Espécie B,49.3503
462,Espécie B,47.3028
463,Espécie B,44.2837
464,Espécie B,50.2176
465,Espécie B,41.829
466,Espécie B,44.1826
467,Espécie B,46.0846
468,Espécie B,54.1691
469,Espécie B,44.4088
470,Espécie B,42.8952
471,Espécie B,38.725
472,Espécie B,49.1163
473,Espécie B,41.4741
474,Espécie B,47.0621
475,Espécie B,33.5903
476,Espécie B,51.2591
477,Espécie B,37.0084
478,Espécie B,40.3359
479,Espécie B,51.3515
480,Espécie B,36.9932
481,Espécie B,44.5233
482,Espécie B,45.4455
483,Espécie B,39.0087
484,Espécie B,53.0576
485,Espécie B,53.9927
486,Espécie B,33.1703
487,Espécie B,36.3061
488,Espécie B,49.8494
489,Espécie B,37.1819
490,Espécie B,42.6682
491,Espécie B,45.7773
492,Espécie B,49.1511
493,Espécie B,43.6605
494,Espécie B,45.5713
495,Espécie B,40.3396
496,Espécie B,52.7542
497,Espécie B,42.0281
498,Espécie B,47.0384
499,Espécie B,41.9302
500,Espécie B,45.6379
